	labels	x	y
spot_0	clone_2	0	0
spot_1	clone_2	0	2
spot_2	clone_2	0	4
spot_3	clone_2	0	6
spot_4	clone_2	0	8
spot_5	clone_2	0	10
spot_6	clone_2	0	12
spot_7	clone_2	0	14
spot_8	clone_2	0	16
spot_9	clone_2	0	18
spot_10	clone_2	0	20
spot_11	clone_2	0	22
spot_12	clone_2	0	24
spot_13	clone_2	0	26
spot_14	clone_2	0	28
spot_15	clone_2	0	30
spot_16	clone_2	0	32
spot_17	clone_2	0	34
spot_18	clone_2	0	36
spot_19	clone_2	0	38
spot_20	clone_2	0	40
spot_21	clone_2	0	42
spot_22	clone_2	0	44
spot_23	clone_2	0	46
spot_24	clone_2	0	48
spot_25	normal	0	50
spot_26	normal	0	52
spot_27	normal	0	54
spot_28	normal	0	56
spot_29	normal	0	58
spot_30	clone_2	1	1
spot_31	clone_2	1	3
spot_32	clone_2	1	5
spot_33	clone_2	1	7
spot_34	clone_2	1	9
spot_35	clone_2	1	11
spot_36	clone_2	1	13
spot_37	clone_2	1	15
spot_38	clone_2	1	17
spot_39	clone_2	1	19
spot_40	clone_2	1	21
spot_41	clone_2	1	23
spot_42	clone_2	1	25
spot_43	clone_2	1	27
spot_44	clone_2	1	29
spot_45	clone_2	1	31
spot_46	clone_2	1	33
spot_47	clone_2	1	35
spot_48	clone_2	1	37
spot_49	clone_2	1	39
spot_50	clone_2	1	41
spot_51	clone_2	1	43
spot_52	clone_2	1	45
spot_53	clone_2	1	47
spot_54	normal	1	49
spot_55	normal	1	51
spot_56	normal	1	53
spot_57	normal	1	55
spot_58	normal	1	57
spot_59	normal	1	59
spot_60	clone_2	2	0
spot_61	clone_2	2	2
spot_62	clone_2	2	4
spot_63	clone_2	2	6
spot_64	clone_2	2	8
spot_65	clone_2	2	10
spot_66	clone_2	2	12
spot_67	clone_2	2	14
spot_68	clone_2	2	16
spot_69	clone_2	2	18
spot_70	clone_2	2	20
spot_71	clone_2	2	22
spot_72	clone_2	2	24
spot_73	clone_2	2	26
spot_74	clone_2	2	28
spot_75	clone_2	2	30
spot_76	clone_2	2	32
spot_77	clone_2	2	34
spot_78	clone_2	2	36
spot_79	clone_2	2	38
spot_80	clone_2	2	40
spot_81	clone_2	2	42
spot_82	clone_2	2	44
spot_83	clone_2	2	46
spot_84	clone_2	2	48
spot_85	normal	2	50
spot_86	normal	2	52
spot_87	normal	2	54
spot_88	normal	2	56
spot_89	normal	2	58
spot_90	clone_2	3	1
spot_91	clone_2	3	3
spot_92	clone_2	3	5
spot_93	clone_2	3	7
spot_94	clone_2	3	9
spot_95	clone_2	3	11
spot_96	clone_2	3	13
spot_97	clone_2	3	15
spot_98	clone_2	3	17
spot_99	clone_2	3	19
spot_100	clone_2	3	21
spot_101	clone_2	3	23
spot_102	clone_2	3	25
spot_103	clone_2	3	27
spot_104	clone_2	3	29
spot_105	clone_2	3	31
spot_106	clone_2	3	33
spot_107	clone_2	3	35
spot_108	clone_2	3	37
spot_109	clone_2	3	39
spot_110	clone_2	3	41
spot_111	clone_2	3	43
spot_112	clone_2	3	45
spot_113	clone_2	3	47
spot_114	normal	3	49
spot_115	normal	3	51
spot_116	normal	3	53
spot_117	normal	3	55
spot_118	normal	3	57
spot_119	normal	3	59
spot_120	clone_2	4	0
spot_121	clone_2	4	2
spot_122	clone_2	4	4
spot_123	clone_2	4	6
spot_124	clone_2	4	8
spot_125	clone_2	4	10
spot_126	clone_2	4	12
spot_127	clone_2	4	14
spot_128	clone_2	4	16
spot_129	clone_2	4	18
spot_130	clone_2	4	20
spot_131	clone_2	4	22
spot_132	clone_2	4	24
spot_133	clone_2	4	26
spot_134	clone_2	4	28
spot_135	clone_2	4	30
spot_136	clone_2	4	32
spot_137	clone_2	4	34
spot_138	clone_2	4	36
spot_139	clone_2	4	38
spot_140	clone_2	4	40
spot_141	clone_2	4	42
spot_142	clone_2	4	44
spot_143	clone_2	4	46
spot_144	normal	4	48
spot_145	normal	4	50
spot_146	normal	4	52
spot_147	normal	4	54
spot_148	normal	4	56
spot_149	normal	4	58
spot_150	clone_2	5	1
spot_151	clone_2	5	3
spot_152	clone_2	5	5
spot_153	clone_2	5	7
spot_154	clone_2	5	9
spot_155	clone_2	5	11
spot_156	clone_2	5	13
spot_157	clone_2	5	15
spot_158	clone_2	5	17
spot_159	clone_2	5	19
spot_160	clone_2	5	21
spot_161	clone_2	5	23
spot_162	clone_2	5	25
spot_163	clone_2	5	27
spot_164	clone_2	5	29
spot_165	clone_2	5	31
spot_166	clone_2	5	33
spot_167	clone_2	5	35
spot_168	clone_2	5	37
spot_169	clone_2	5	39
spot_170	clone_2	5	41
spot_171	clone_2	5	43
spot_172	clone_2	5	45
spot_173	clone_2	5	47
spot_174	normal	5	49
spot_175	normal	5	51
spot_176	normal	5	53
spot_177	normal	5	55
spot_178	normal	5	57
spot_179	normal	5	59
spot_180	clone_2	6	0
spot_181	clone_2	6	2
spot_182	clone_2	6	4
spot_183	clone_2	6	6
spot_184	clone_2	6	8
spot_185	clone_2	6	10
spot_186	clone_2	6	12
spot_187	clone_2	6	14
spot_188	clone_2	6	16
spot_189	clone_2	6	18
spot_190	clone_2	6	20
spot_191	clone_2	6	22
spot_192	clone_2	6	24
spot_193	clone_2	6	26
spot_194	clone_2	6	28
spot_195	clone_2	6	30
spot_196	clone_2	6	32
spot_197	clone_2	6	34
spot_198	clone_2	6	36
spot_199	clone_2	6	38
spot_200	clone_2	6	40
spot_201	clone_2	6	42
spot_202	clone_2	6	44
spot_203	clone_2	6	46
spot_204	normal	6	48
spot_205	normal	6	50
spot_206	normal	6	52
spot_207	normal	6	54
spot_208	normal	6	56
spot_209	normal	6	58
spot_210	clone_2	7	1
spot_211	clone_2	7	3
spot_212	clone_2	7	5
spot_213	clone_2	7	7
spot_214	clone_2	7	9
spot_215	clone_2	7	11
spot_216	clone_2	7	13
spot_217	clone_2	7	15
spot_218	clone_2	7	17
spot_219	clone_2	7	19
spot_220	clone_2	7	21
spot_221	clone_2	7	23
spot_222	clone_2	7	25
spot_223	clone_2	7	27
spot_224	clone_2	7	29
spot_225	clone_2	7	31
spot_226	clone_2	7	33
spot_227	clone_2	7	35
spot_228	clone_2	7	37
spot_229	clone_2	7	39
spot_230	clone_2	7	41
spot_231	clone_2	7	43
spot_232	clone_2	7	45
spot_233	normal	7	47
spot_234	normal	7	49
spot_235	normal	7	51
spot_236	normal	7	53
spot_237	normal	7	55
spot_238	normal	7	57
spot_239	normal	7	59
spot_240	clone_2	8	0
spot_241	clone_2	8	2
spot_242	clone_2	8	4
spot_243	clone_2	8	6
spot_244	clone_2	8	8
spot_245	clone_2	8	10
spot_246	clone_2	8	12
spot_247	clone_2	8	14
spot_248	clone_2	8	16
spot_249	clone_2	8	18
spot_250	clone_2	8	20
spot_251	clone_2	8	22
spot_252	clone_2	8	24
spot_253	clone_2	8	26
spot_254	clone_2	8	28
spot_255	clone_2	8	30
spot_256	clone_2	8	32
spot_257	clone_2	8	34
spot_258	clone_2	8	36
spot_259	clone_2	8	38
spot_260	clone_2	8	40
spot_261	clone_2	8	42
spot_262	clone_2	8	44
spot_263	normal	8	46
spot_264	normal	8	48
spot_265	normal	8	50
spot_266	normal	8	52
spot_267	normal	8	54
spot_268	normal	8	56
spot_269	normal	8	58
spot_270	clone_2	9	1
spot_271	clone_2	9	3
spot_272	clone_2	9	5
spot_273	clone_2	9	7
spot_274	clone_2	9	9
spot_275	clone_2	9	11
spot_276	clone_2	9	13
spot_277	clone_2	9	15
spot_278	clone_2	9	17
spot_279	clone_2	9	19
spot_280	clone_2	9	21
spot_281	clone_2	9	23
spot_282	clone_2	9	25
spot_283	clone_2	9	27
spot_284	clone_2	9	29
spot_285	clone_2	9	31
spot_286	clone_2	9	33
spot_287	clone_2	9	35
spot_288	clone_2	9	37
spot_289	clone_2	9	39
spot_290	clone_2	9	41
spot_291	clone_2	9	43
spot_292	clone_2	9	45
spot_293	normal	9	47
spot_294	normal	9	49
spot_295	normal	9	51
spot_296	normal	9	53
spot_297	normal	9	55
spot_298	normal	9	57
spot_299	normal	9	59
spot_300	clone_2	10	0
spot_301	clone_2	10	2
spot_302	clone_2	10	4
spot_303	clone_2	10	6
spot_304	clone_2	10	8
spot_305	clone_2	10	10
spot_306	clone_2	10	12
spot_307	clone_2	10	14
spot_308	clone_2	10	16
spot_309	clone_2	10	18
spot_310	clone_2	10	20
spot_311	clone_2	10	22
spot_312	clone_2	10	24
spot_313	clone_2	10	26
spot_314	clone_2	10	28
spot_315	clone_2	10	30
spot_316	clone_2	10	32
spot_317	clone_2	10	34
spot_318	clone_2	10	36
spot_319	clone_2	10	38
spot_320	clone_2	10	40
spot_321	clone_2	10	42
spot_322	clone_2	10	44
spot_323	normal	10	46
spot_324	normal	10	48
spot_325	normal	10	50
spot_326	normal	10	52
spot_327	normal	10	54
spot_328	normal	10	56
spot_329	normal	10	58
spot_330	clone_2	11	1
spot_331	clone_2	11	3
spot_332	clone_2	11	5
spot_333	clone_2	11	7
spot_334	clone_2	11	9
spot_335	clone_2	11	11
spot_336	clone_2	11	13
spot_337	clone_2	11	15
spot_338	clone_2	11	17
spot_339	clone_2	11	19
spot_340	clone_2	11	21
spot_341	clone_2	11	23
spot_342	clone_2	11	25
spot_343	clone_2	11	27
spot_344	clone_2	11	29
spot_345	clone_2	11	31
spot_346	clone_2	11	33
spot_347	clone_2	11	35
spot_348	clone_2	11	37
spot_349	clone_2	11	39
spot_350	clone_2	11	41
spot_351	clone_2	11	43
spot_352	normal	11	45
spot_353	normal	11	47
spot_354	normal	11	49
spot_355	normal	11	51
spot_356	normal	11	53
spot_357	normal	11	55
spot_358	normal	11	57
spot_359	normal	11	59
spot_360	clone_2	12	0
spot_361	clone_2	12	2
spot_362	clone_2	12	4
spot_363	clone_2	12	6
spot_364	clone_2	12	8
spot_365	clone_2	12	10
spot_366	clone_2	12	12
spot_367	clone_2	12	14
spot_368	clone_2	12	16
spot_369	clone_2	12	18
spot_370	clone_2	12	20
spot_371	clone_2	12	22
spot_372	clone_2	12	24
spot_373	clone_2	12	26
spot_374	clone_2	12	28
spot_375	clone_2	12	30
spot_376	clone_2	12	32
spot_377	clone_2	12	34
spot_378	clone_2	12	36
spot_379	clone_2	12	38
spot_380	clone_2	12	40
spot_381	clone_2	12	42
spot_382	clone_2	12	44
spot_383	normal	12	46
spot_384	normal	12	48
spot_385	normal	12	50
spot_386	normal	12	52
spot_387	normal	12	54
spot_388	normal	12	56
spot_389	normal	12	58
spot_390	clone_2	13	1
spot_391	clone_2	13	3
spot_392	clone_2	13	5
spot_393	clone_2	13	7
spot_394	clone_2	13	9
spot_395	clone_2	13	11
spot_396	clone_2	13	13
spot_397	clone_2	13	15
spot_398	clone_2	13	17
spot_399	clone_2	13	19
spot_400	clone_2	13	21
spot_401	clone_2	13	23
spot_402	clone_2	13	25
spot_403	clone_2	13	27
spot_404	clone_2	13	29
spot_405	clone_2	13	31
spot_406	clone_2	13	33
spot_407	clone_2	13	35
spot_408	clone_2	13	37
spot_409	clone_2	13	39
spot_410	clone_2	13	41
spot_411	clone_2	13	43
spot_412	normal	13	45
spot_413	normal	13	47
spot_414	normal	13	49
spot_415	normal	13	51
spot_416	normal	13	53
spot_417	normal	13	55
spot_418	normal	13	57
spot_419	normal	13	59
spot_420	clone_2	14	0
spot_421	clone_2	14	2
spot_422	clone_2	14	4
spot_423	clone_2	14	6
spot_424	clone_2	14	8
spot_425	clone_2	14	10
spot_426	clone_2	14	12
spot_427	clone_2	14	14
spot_428	clone_2	14	16
spot_429	clone_2	14	18
spot_430	clone_2	14	20
spot_431	clone_2	14	22
spot_432	clone_2	14	24
spot_433	clone_2	14	26
spot_434	clone_2	14	28
spot_435	clone_2	14	30
spot_436	clone_2	14	32
spot_437	clone_2	14	34
spot_438	clone_2	14	36
spot_439	clone_2	14	38
spot_440	clone_2	14	40
spot_441	clone_2	14	42
spot_442	normal	14	44
spot_443	normal	14	46
spot_444	normal	14	48
spot_445	normal	14	50
spot_446	normal	14	52
spot_447	normal	14	54
spot_448	normal	14	56
spot_449	normal	14	58
spot_450	clone_2	15	1
spot_451	clone_2	15	3
spot_452	clone_2	15	5
spot_453	clone_2	15	7
spot_454	clone_2	15	9
spot_455	clone_2	15	11
spot_456	clone_2	15	13
spot_457	clone_2	15	15
spot_458	clone_2	15	17
spot_459	clone_2	15	19
spot_460	clone_2	15	21
spot_461	clone_2	15	23
spot_462	clone_2	15	25
spot_463	clone_2	15	27
spot_464	clone_2	15	29
spot_465	clone_2	15	31
spot_466	clone_2	15	33
spot_467	clone_2	15	35
spot_468	clone_2	15	37
spot_469	clone_2	15	39
spot_470	clone_2	15	41
spot_471	clone_2	15	43
spot_472	normal	15	45
spot_473	normal	15	47
spot_474	normal	15	49
spot_475	normal	15	51
spot_476	normal	15	53
spot_477	normal	15	55
spot_478	normal	15	57
spot_479	normal	15	59
spot_480	clone_2	16	0
spot_481	clone_2	16	2
spot_482	clone_2	16	4
spot_483	clone_2	16	6
spot_484	clone_2	16	8
spot_485	clone_2	16	10
spot_486	clone_2	16	12
spot_487	clone_2	16	14
spot_488	clone_2	16	16
spot_489	clone_2	16	18
spot_490	clone_2	16	20
spot_491	clone_2	16	22
spot_492	clone_2	16	24
spot_493	clone_2	16	26
spot_494	clone_2	16	28
spot_495	clone_2	16	30
spot_496	clone_2	16	32
spot_497	clone_2	16	34
spot_498	clone_2	16	36
spot_499	clone_2	16	38
spot_500	clone_2	16	40
spot_501	clone_2	16	42
spot_502	normal	16	44
spot_503	normal	16	46
spot_504	normal	16	48
spot_505	normal	16	50
spot_506	normal	16	52
spot_507	normal	16	54
spot_508	normal	16	56
spot_509	normal	16	58
spot_510	clone_2	17	1
spot_511	clone_2	17	3
spot_512	clone_2	17	5
spot_513	clone_2	17	7
spot_514	clone_2	17	9
spot_515	clone_2	17	11
spot_516	clone_2	17	13
spot_517	clone_2	17	15
spot_518	clone_2	17	17
spot_519	clone_2	17	19
spot_520	clone_2	17	21
spot_521	clone_2	17	23
spot_522	clone_2	17	25
spot_523	clone_2	17	27
spot_524	clone_2	17	29
spot_525	clone_2	17	31
spot_526	clone_2	17	33
spot_527	clone_2	17	35
spot_528	clone_2	17	37
spot_529	clone_2	17	39
spot_530	clone_2	17	41
spot_531	normal	17	43
spot_532	normal	17	45
spot_533	normal	17	47
spot_534	normal	17	49
spot_535	normal	17	51
spot_536	normal	17	53
spot_537	normal	17	55
spot_538	normal	17	57
spot_539	normal	17	59
spot_540	clone_2	18	0
spot_541	clone_2	18	2
spot_542	clone_2	18	4
spot_543	clone_2	18	6
spot_544	clone_2	18	8
spot_545	clone_2	18	10
spot_546	clone_2	18	12
spot_547	clone_2	18	14
spot_548	clone_2	18	16
spot_549	clone_2	18	18
spot_550	clone_2	18	20
spot_551	clone_2	18	22
spot_552	clone_2	18	24
spot_553	clone_2	18	26
spot_554	clone_2	18	28
spot_555	clone_2	18	30
spot_556	clone_2	18	32
spot_557	clone_2	18	34
spot_558	clone_2	18	36
spot_559	clone_2	18	38
spot_560	clone_2	18	40
spot_561	normal	18	42
spot_562	normal	18	44
spot_563	normal	18	46
spot_564	normal	18	48
spot_565	normal	18	50
spot_566	normal	18	52
spot_567	normal	18	54
spot_568	normal	18	56
spot_569	normal	18	58
spot_570	clone_2	19	1
spot_571	clone_2	19	3
spot_572	clone_2	19	5
spot_573	clone_2	19	7
spot_574	clone_2	19	9
spot_575	clone_2	19	11
spot_576	clone_2	19	13
spot_577	clone_2	19	15
spot_578	clone_2	19	17
spot_579	clone_2	19	19
spot_580	clone_2	19	21
spot_581	clone_2	19	23
spot_582	clone_2	19	25
spot_583	clone_2	19	27
spot_584	clone_2	19	29
spot_585	clone_2	19	31
spot_586	clone_2	19	33
spot_587	clone_2	19	35
spot_588	clone_2	19	37
spot_589	clone_2	19	39
spot_590	clone_2	19	41
spot_591	normal	19	43
spot_592	normal	19	45
spot_593	normal	19	47
spot_594	normal	19	49
spot_595	normal	19	51
spot_596	normal	19	53
spot_597	normal	19	55
spot_598	normal	19	57
spot_599	normal	19	59
spot_600	clone_2	20	0
spot_601	clone_2	20	2
spot_602	clone_2	20	4
spot_603	clone_2	20	6
spot_604	clone_2	20	8
spot_605	clone_2	20	10
spot_606	clone_2	20	12
spot_607	clone_2	20	14
spot_608	clone_2	20	16
spot_609	clone_2	20	18
spot_610	clone_2	20	20
spot_611	clone_2	20	22
spot_612	clone_2	20	24
spot_613	clone_2	20	26
spot_614	clone_2	20	28
spot_615	clone_2	20	30
spot_616	clone_2	20	32
spot_617	clone_2	20	34
spot_618	clone_2	20	36
spot_619	clone_2	20	38
spot_620	clone_2	20	40
spot_621	normal	20	42
spot_622	normal	20	44
spot_623	normal	20	46
spot_624	normal	20	48
spot_625	normal	20	50
spot_626	normal	20	52
spot_627	normal	20	54
spot_628	normal	20	56
spot_629	normal	20	58
spot_630	clone_2	21	1
spot_631	clone_2	21	3
spot_632	clone_2	21	5
spot_633	clone_2	21	7
spot_634	clone_2	21	9
spot_635	clone_2	21	11
spot_636	clone_2	21	13
spot_637	clone_2	21	15
spot_638	clone_2	21	17
spot_639	clone_2	21	19
spot_640	clone_2	21	21
spot_641	clone_2	21	23
spot_642	clone_2	21	25
spot_643	clone_2	21	27
spot_644	clone_2	21	29
spot_645	clone_2	21	31
spot_646	clone_2	21	33
spot_647	clone_2	21	35
spot_648	clone_2	21	37
spot_649	clone_2	21	39
spot_650	normal	21	41
spot_651	normal	21	43
spot_652	normal	21	45
spot_653	normal	21	47
spot_654	normal	21	49
spot_655	normal	21	51
spot_656	normal	21	53
spot_657	normal	21	55
spot_658	normal	21	57
spot_659	normal	21	59
spot_660	clone_2	22	0
spot_661	clone_2	22	2
spot_662	clone_2	22	4
spot_663	clone_2	22	6
spot_664	clone_2	22	8
spot_665	clone_2	22	10
spot_666	clone_2	22	12
spot_667	clone_2	22	14
spot_668	clone_2	22	16
spot_669	clone_2	22	18
spot_670	clone_2	22	20
spot_671	clone_2	22	22
spot_672	clone_2	22	24
spot_673	clone_2	22	26
spot_674	clone_2	22	28
spot_675	clone_2	22	30
spot_676	clone_2	22	32
spot_677	clone_2	22	34
spot_678	clone_2	22	36
spot_679	clone_2	22	38
spot_680	clone_2	22	40
spot_681	normal	22	42
spot_682	normal	22	44
spot_683	normal	22	46
spot_684	normal	22	48
spot_685	normal	22	50
spot_686	normal	22	52
spot_687	normal	22	54
spot_688	normal	22	56
spot_689	normal	22	58
spot_690	clone_2	23	1
spot_691	clone_2	23	3
spot_692	clone_2	23	5
spot_693	clone_2	23	7
spot_694	clone_2	23	9
spot_695	clone_2	23	11
spot_696	clone_2	23	13
spot_697	clone_2	23	15
spot_698	clone_2	23	17
spot_699	clone_2	23	19
spot_700	clone_2	23	21
spot_701	clone_2	23	23
spot_702	clone_2	23	25
spot_703	clone_2	23	27
spot_704	clone_2	23	29
spot_705	clone_2	23	31
spot_706	clone_2	23	33
spot_707	clone_2	23	35
spot_708	clone_2	23	37
spot_709	clone_2	23	39
spot_710	normal	23	41
spot_711	normal	23	43
spot_712	normal	23	45
spot_713	normal	23	47
spot_714	normal	23	49
spot_715	normal	23	51
spot_716	normal	23	53
spot_717	normal	23	55
spot_718	normal	23	57
spot_719	normal	23	59
spot_720	clone_2	24	0
spot_721	clone_2	24	2
spot_722	clone_2	24	4
spot_723	clone_2	24	6
spot_724	clone_2	24	8
spot_725	clone_2	24	10
spot_726	clone_2	24	12
spot_727	clone_2	24	14
spot_728	clone_2	24	16
spot_729	clone_2	24	18
spot_730	clone_2	24	20
spot_731	clone_2	24	22
spot_732	clone_2	24	24
spot_733	clone_2	24	26
spot_734	clone_2	24	28
spot_735	clone_2	24	30
spot_736	clone_2	24	32
spot_737	clone_2	24	34
spot_738	clone_2	24	36
spot_739	clone_2	24	38
spot_740	normal	24	40
spot_741	normal	24	42
spot_742	normal	24	44
spot_743	normal	24	46
spot_744	normal	24	48
spot_745	normal	24	50
spot_746	normal	24	52
spot_747	normal	24	54
spot_748	normal	24	56
spot_749	normal	24	58
spot_750	clone_2	25	1
spot_751	clone_2	25	3
spot_752	clone_2	25	5
spot_753	clone_2	25	7
spot_754	clone_2	25	9
spot_755	clone_2	25	11
spot_756	clone_2	25	13
spot_757	clone_2	25	15
spot_758	clone_2	25	17
spot_759	clone_2	25	19
spot_760	clone_2	25	21
spot_761	clone_2	25	23
spot_762	clone_2	25	25
spot_763	clone_2	25	27
spot_764	clone_2	25	29
spot_765	clone_2	25	31
spot_766	clone_2	25	33
spot_767	clone_2	25	35
spot_768	clone_2	25	37
spot_769	clone_2	25	39
spot_770	normal	25	41
spot_771	normal	25	43
spot_772	normal	25	45
spot_773	normal	25	47
spot_774	normal	25	49
spot_775	normal	25	51
spot_776	normal	25	53
spot_777	normal	25	55
spot_778	normal	25	57
spot_779	normal	25	59
spot_780	clone_2	26	0
spot_781	clone_2	26	2
spot_782	clone_2	26	4
spot_783	clone_2	26	6
spot_784	clone_2	26	8
spot_785	clone_2	26	10
spot_786	clone_2	26	12
spot_787	clone_2	26	14
spot_788	clone_2	26	16
spot_789	clone_2	26	18
spot_790	clone_2	26	20
spot_791	clone_2	26	22
spot_792	clone_2	26	24
spot_793	clone_2	26	26
spot_794	clone_2	26	28
spot_795	clone_2	26	30
spot_796	clone_2	26	32
spot_797	clone_2	26	34
spot_798	clone_2	26	36
spot_799	clone_2	26	38
spot_800	normal	26	40
spot_801	normal	26	42
spot_802	normal	26	44
spot_803	normal	26	46
spot_804	normal	26	48
spot_805	normal	26	50
spot_806	normal	26	52
spot_807	normal	26	54
spot_808	normal	26	56
spot_809	normal	26	58
spot_810	clone_2	27	1
spot_811	clone_2	27	3
spot_812	clone_2	27	5
spot_813	clone_2	27	7
spot_814	clone_2	27	9
spot_815	clone_2	27	11
spot_816	clone_2	27	13
spot_817	clone_2	27	15
spot_818	clone_2	27	17
spot_819	clone_2	27	19
spot_820	clone_2	27	21
spot_821	clone_2	27	23
spot_822	clone_2	27	25
spot_823	clone_2	27	27
spot_824	clone_2	27	29
spot_825	clone_2	27	31
spot_826	clone_2	27	33
spot_827	clone_2	27	35
spot_828	clone_2	27	37
spot_829	normal	27	39
spot_830	normal	27	41
spot_831	normal	27	43
spot_832	normal	27	45
spot_833	normal	27	47
spot_834	normal	27	49
spot_835	normal	27	51
spot_836	normal	27	53
spot_837	normal	27	55
spot_838	normal	27	57
spot_839	normal	27	59
spot_840	clone_2	28	0
spot_841	clone_2	28	2
spot_842	clone_2	28	4
spot_843	clone_2	28	6
spot_844	clone_2	28	8
spot_845	clone_2	28	10
spot_846	clone_2	28	12
spot_847	clone_2	28	14
spot_848	clone_2	28	16
spot_849	clone_2	28	18
spot_850	clone_2	28	20
spot_851	clone_2	28	22
spot_852	clone_2	28	24
spot_853	clone_2	28	26
spot_854	clone_2	28	28
spot_855	clone_2	28	30
spot_856	clone_2	28	32
spot_857	clone_2	28	34
spot_858	clone_2	28	36
spot_859	normal	28	38
spot_860	normal	28	40
spot_861	normal	28	42
spot_862	normal	28	44
spot_863	normal	28	46
spot_864	normal	28	48
spot_865	normal	28	50
spot_866	normal	28	52
spot_867	normal	28	54
spot_868	normal	28	56
spot_869	normal	28	58
spot_870	clone_2	29	1
spot_871	clone_2	29	3
spot_872	clone_2	29	5
spot_873	clone_2	29	7
spot_874	clone_2	29	9
spot_875	clone_2	29	11
spot_876	clone_2	29	13
spot_877	clone_2	29	15
spot_878	clone_2	29	17
spot_879	clone_2	29	19
spot_880	clone_2	29	21
spot_881	clone_2	29	23
spot_882	clone_2	29	25
spot_883	clone_2	29	27
spot_884	clone_2	29	29
spot_885	clone_2	29	31
spot_886	clone_2	29	33
spot_887	clone_2	29	35
spot_888	clone_2	29	37
spot_889	normal	29	39
spot_890	normal	29	41
spot_891	normal	29	43
spot_892	normal	29	45
spot_893	normal	29	47
spot_894	normal	29	49
spot_895	normal	29	51
spot_896	normal	29	53
spot_897	normal	29	55
spot_898	normal	29	57
spot_899	normal	29	59
spot_900	clone_2	30	0
spot_901	clone_2	30	2
spot_902	clone_2	30	4
spot_903	clone_2	30	6
spot_904	clone_2	30	8
spot_905	clone_2	30	10
spot_906	clone_2	30	12
spot_907	clone_2	30	14
spot_908	clone_2	30	16
spot_909	clone_2	30	18
spot_910	clone_2	30	20
spot_911	clone_2	30	22
spot_912	clone_2	30	24
spot_913	clone_2	30	26
spot_914	clone_2	30	28
spot_915	clone_2	30	30
spot_916	clone_2	30	32
spot_917	clone_2	30	34
spot_918	clone_2	30	36
spot_919	normal	30	38
spot_920	normal	30	40
spot_921	normal	30	42
spot_922	normal	30	44
spot_923	normal	30	46
spot_924	normal	30	48
spot_925	normal	30	50
spot_926	normal	30	52
spot_927	normal	30	54
spot_928	normal	30	56
spot_929	normal	30	58
spot_930	clone_2	31	1
spot_931	clone_2	31	3
spot_932	clone_2	31	5
spot_933	clone_2	31	7
spot_934	clone_2	31	9
spot_935	clone_2	31	11
spot_936	clone_2	31	13
spot_937	clone_2	31	15
spot_938	clone_2	31	17
spot_939	clone_2	31	19
spot_940	clone_2	31	21
spot_941	clone_2	31	23
spot_942	clone_2	31	25
spot_943	clone_2	31	27
spot_944	clone_2	31	29
spot_945	clone_2	31	31
spot_946	clone_2	31	33
spot_947	clone_2	31	35
spot_948	normal	31	37
spot_949	normal	31	39
spot_950	normal	31	41
spot_951	normal	31	43
spot_952	normal	31	45
spot_953	normal	31	47
spot_954	normal	31	49
spot_955	normal	31	51
spot_956	normal	31	53
spot_957	normal	31	55
spot_958	normal	31	57
spot_959	normal	31	59
spot_960	clone_2	32	0
spot_961	clone_2	32	2
spot_962	clone_2	32	4
spot_963	clone_2	32	6
spot_964	clone_2	32	8
spot_965	clone_2	32	10
spot_966	clone_2	32	12
spot_967	clone_2	32	14
spot_968	clone_2	32	16
spot_969	clone_2	32	18
spot_970	clone_2	32	20
spot_971	clone_2	32	22
spot_972	clone_2	32	24
spot_973	clone_2	32	26
spot_974	clone_2	32	28
spot_975	clone_2	32	30
spot_976	clone_2	32	32
spot_977	clone_2	32	34
spot_978	clone_2	32	36
spot_979	normal	32	38
spot_980	normal	32	40
spot_981	normal	32	42
spot_982	normal	32	44
spot_983	normal	32	46
spot_984	normal	32	48
spot_985	normal	32	50
spot_986	normal	32	52
spot_987	normal	32	54
spot_988	normal	32	56
spot_989	normal	32	58
spot_990	clone_2	33	1
spot_991	clone_2	33	3
spot_992	clone_2	33	5
spot_993	clone_2	33	7
spot_994	clone_2	33	9
spot_995	clone_2	33	11
spot_996	clone_2	33	13
spot_997	clone_2	33	15
spot_998	clone_2	33	17
spot_999	clone_2	33	19
spot_1000	clone_2	33	21
spot_1001	clone_2	33	23
spot_1002	clone_2	33	25
spot_1003	clone_2	33	27
spot_1004	clone_2	33	29
spot_1005	clone_2	33	31
spot_1006	clone_2	33	33
spot_1007	clone_2	33	35
spot_1008	normal	33	37
spot_1009	normal	33	39
spot_1010	normal	33	41
spot_1011	normal	33	43
spot_1012	normal	33	45
spot_1013	normal	33	47
spot_1014	normal	33	49
spot_1015	normal	33	51
spot_1016	normal	33	53
spot_1017	normal	33	55
spot_1018	normal	33	57
spot_1019	normal	33	59
spot_1020	clone_2	34	0
spot_1021	clone_2	34	2
spot_1022	clone_2	34	4
spot_1023	clone_2	34	6
spot_1024	clone_2	34	8
spot_1025	clone_2	34	10
spot_1026	clone_2	34	12
spot_1027	clone_2	34	14
spot_1028	clone_2	34	16
spot_1029	clone_2	34	18
spot_1030	clone_2	34	20
spot_1031	clone_2	34	22
spot_1032	clone_2	34	24
spot_1033	clone_2	34	26
spot_1034	clone_2	34	28
spot_1035	clone_2	34	30
spot_1036	clone_2	34	32
spot_1037	clone_2	34	34
spot_1038	normal	34	36
spot_1039	normal	34	38
spot_1040	normal	34	40
spot_1041	normal	34	42
spot_1042	normal	34	44
spot_1043	normal	34	46
spot_1044	normal	34	48
spot_1045	normal	34	50
spot_1046	normal	34	52
spot_1047	normal	34	54
spot_1048	normal	34	56
spot_1049	normal	34	58
spot_1050	clone_1	35	1
spot_1051	clone_2	35	3
spot_1052	clone_2	35	5
spot_1053	clone_2	35	7
spot_1054	clone_2	35	9
spot_1055	clone_2	35	11
spot_1056	clone_2	35	13
spot_1057	clone_2	35	15
spot_1058	clone_2	35	17
spot_1059	clone_2	35	19
spot_1060	clone_2	35	21
spot_1061	clone_2	35	23
spot_1062	clone_2	35	25
spot_1063	clone_2	35	27
spot_1064	clone_2	35	29
spot_1065	clone_2	35	31
spot_1066	clone_2	35	33
spot_1067	clone_2	35	35
spot_1068	normal	35	37
spot_1069	normal	35	39
spot_1070	normal	35	41
spot_1071	normal	35	43
spot_1072	normal	35	45
spot_1073	normal	35	47
spot_1074	normal	35	49
spot_1075	normal	35	51
spot_1076	normal	35	53
spot_1077	normal	35	55
spot_1078	normal	35	57
spot_1079	normal	35	59
spot_1080	clone_1	36	0
spot_1081	clone_1	36	2
spot_1082	clone_2	36	4
spot_1083	clone_2	36	6
spot_1084	clone_2	36	8
spot_1085	clone_2	36	10
spot_1086	clone_2	36	12
spot_1087	clone_2	36	14
spot_1088	clone_2	36	16
spot_1089	clone_2	36	18
spot_1090	clone_2	36	20
spot_1091	clone_2	36	22
spot_1092	clone_2	36	24
spot_1093	clone_2	36	26
spot_1094	clone_2	36	28
spot_1095	clone_2	36	30
spot_1096	clone_2	36	32
spot_1097	clone_2	36	34
spot_1098	normal	36	36
spot_1099	normal	36	38
spot_1100	normal	36	40
spot_1101	normal	36	42
spot_1102	normal	36	44
spot_1103	normal	36	46
spot_1104	normal	36	48
spot_1105	normal	36	50
spot_1106	normal	36	52
spot_1107	normal	36	54
spot_1108	normal	36	56
spot_1109	normal	36	58
spot_1110	clone_1	37	1
spot_1111	clone_1	37	3
spot_1112	clone_1	37	5
spot_1113	clone_2	37	7
spot_1114	clone_2	37	9
spot_1115	clone_2	37	11
spot_1116	clone_2	37	13
spot_1117	clone_2	37	15
spot_1118	clone_2	37	17
spot_1119	clone_2	37	19
spot_1120	clone_2	37	21
spot_1121	clone_2	37	23
spot_1122	clone_2	37	25
spot_1123	clone_2	37	27
spot_1124	clone_2	37	29
spot_1125	clone_2	37	31
spot_1126	clone_2	37	33
spot_1127	normal	37	35
spot_1128	normal	37	37
spot_1129	normal	37	39
spot_1130	normal	37	41
spot_1131	normal	37	43
spot_1132	normal	37	45
spot_1133	normal	37	47
spot_1134	normal	37	49
spot_1135	normal	37	51
spot_1136	normal	37	53
spot_1137	normal	37	55
spot_1138	normal	37	57
spot_1139	normal	37	59
spot_1140	clone_1	38	0
spot_1141	clone_1	38	2
spot_1142	clone_1	38	4
spot_1143	clone_1	38	6
spot_1144	clone_1	38	8
spot_1145	clone_2	38	10
spot_1146	clone_2	38	12
spot_1147	clone_2	38	14
spot_1148	clone_2	38	16
spot_1149	clone_2	38	18
spot_1150	clone_2	38	20
spot_1151	clone_2	38	22
spot_1152	clone_2	38	24
spot_1153	clone_2	38	26
spot_1154	clone_2	38	28
spot_1155	clone_2	38	30
spot_1156	clone_2	38	32
spot_1157	clone_2	38	34
spot_1158	normal	38	36
spot_1159	normal	38	38
spot_1160	normal	38	40
spot_1161	normal	38	42
spot_1162	normal	38	44
spot_1163	normal	38	46
spot_1164	normal	38	48
spot_1165	normal	38	50
spot_1166	normal	38	52
spot_1167	normal	38	54
spot_1168	normal	38	56
spot_1169	normal	38	58
spot_1170	clone_1	39	1
spot_1171	clone_1	39	3
spot_1172	clone_1	39	5
spot_1173	clone_1	39	7
spot_1174	clone_1	39	9
spot_1175	clone_2	39	11
spot_1176	clone_2	39	13
spot_1177	clone_2	39	15
spot_1178	clone_2	39	17
spot_1179	clone_2	39	19
spot_1180	clone_2	39	21
spot_1181	clone_2	39	23
spot_1182	clone_2	39	25
spot_1183	clone_2	39	27
spot_1184	clone_2	39	29
spot_1185	clone_2	39	31
spot_1186	clone_2	39	33
spot_1187	normal	39	35
spot_1188	normal	39	37
spot_1189	normal	39	39
spot_1190	normal	39	41
spot_1191	normal	39	43
spot_1192	normal	39	45
spot_1193	normal	39	47
spot_1194	normal	39	49
spot_1195	normal	39	51
spot_1196	normal	39	53
spot_1197	normal	39	55
spot_1198	normal	39	57
spot_1199	normal	39	59
spot_1200	clone_1	40	0
spot_1201	clone_1	40	2
spot_1202	clone_1	40	4
spot_1203	clone_1	40	6
spot_1204	clone_1	40	8
spot_1205	clone_1	40	10
spot_1206	clone_1	40	12
spot_1207	clone_2	40	14
spot_1208	clone_2	40	16
spot_1209	clone_2	40	18
spot_1210	clone_2	40	20
spot_1211	clone_2	40	22
spot_1212	clone_2	40	24
spot_1213	clone_2	40	26
spot_1214	clone_2	40	28
spot_1215	clone_2	40	30
spot_1216	clone_2	40	32
spot_1217	normal	40	34
spot_1218	normal	40	36
spot_1219	normal	40	38
spot_1220	normal	40	40
spot_1221	normal	40	42
spot_1222	normal	40	44
spot_1223	normal	40	46
spot_1224	normal	40	48
spot_1225	normal	40	50
spot_1226	normal	40	52
spot_1227	normal	40	54
spot_1228	normal	40	56
spot_1229	normal	40	58
spot_1230	clone_1	41	1
spot_1231	clone_1	41	3
spot_1232	clone_1	41	5
spot_1233	clone_1	41	7
spot_1234	clone_1	41	9
spot_1235	clone_1	41	11
spot_1236	clone_1	41	13
spot_1237	clone_2	41	15
spot_1238	clone_2	41	17
spot_1239	clone_2	41	19
spot_1240	clone_2	41	21
spot_1241	clone_2	41	23
spot_1242	clone_2	41	25
spot_1243	clone_2	41	27
spot_1244	clone_2	41	29
spot_1245	clone_2	41	31
spot_1246	normal	41	33
spot_1247	normal	41	35
spot_1248	normal	41	37
spot_1249	normal	41	39
spot_1250	normal	41	41
spot_1251	normal	41	43
spot_1252	normal	41	45
spot_1253	normal	41	47
spot_1254	normal	41	49
spot_1255	normal	41	51
spot_1256	normal	41	53
spot_1257	normal	41	55
spot_1258	normal	41	57
spot_1259	normal	41	59
spot_1260	clone_1	42	0
spot_1261	clone_1	42	2
spot_1262	clone_1	42	4
spot_1263	clone_1	42	6
spot_1264	clone_1	42	8
spot_1265	clone_1	42	10
spot_1266	clone_1	42	12
spot_1267	clone_1	42	14
spot_1268	clone_1	42	16
spot_1269	clone_2	42	18
spot_1270	clone_2	42	20
spot_1271	clone_2	42	22
spot_1272	clone_2	42	24
spot_1273	clone_2	42	26
spot_1274	clone_2	42	28
spot_1275	clone_2	42	30
spot_1276	clone_2	42	32
spot_1277	normal	42	34
spot_1278	normal	42	36
spot_1279	normal	42	38
spot_1280	normal	42	40
spot_1281	normal	42	42
spot_1282	normal	42	44
spot_1283	normal	42	46
spot_1284	normal	42	48
spot_1285	normal	42	50
spot_1286	normal	42	52
spot_1287	normal	42	54
spot_1288	normal	42	56
spot_1289	normal	42	58
spot_1290	clone_1	43	1
spot_1291	clone_1	43	3
spot_1292	clone_1	43	5
spot_1293	clone_1	43	7
spot_1294	clone_1	43	9
spot_1295	clone_1	43	11
spot_1296	clone_1	43	13
spot_1297	clone_1	43	15
spot_1298	clone_1	43	17
spot_1299	clone_2	43	19
spot_1300	clone_2	43	21
spot_1301	clone_2	43	23
spot_1302	clone_2	43	25
spot_1303	clone_2	43	27
spot_1304	clone_2	43	29
spot_1305	clone_2	43	31
spot_1306	normal	43	33
spot_1307	normal	43	35
spot_1308	normal	43	37
spot_1309	normal	43	39
spot_1310	normal	43	41
spot_1311	normal	43	43
spot_1312	normal	43	45
spot_1313	normal	43	47
spot_1314	normal	43	49
spot_1315	normal	43	51
spot_1316	normal	43	53
spot_1317	normal	43	55
spot_1318	normal	43	57
spot_1319	normal	43	59
spot_1320	clone_1	44	0
spot_1321	clone_1	44	2
spot_1322	clone_1	44	4
spot_1323	clone_1	44	6
spot_1324	clone_1	44	8
spot_1325	clone_1	44	10
spot_1326	clone_1	44	12
spot_1327	clone_1	44	14
spot_1328	clone_1	44	16
spot_1329	clone_1	44	18
spot_1330	clone_1	44	20
spot_1331	clone_2	44	22
spot_1332	clone_2	44	24
spot_1333	clone_2	44	26
spot_1334	clone_2	44	28
spot_1335	clone_2	44	30
spot_1336	normal	44	32
spot_1337	normal	44	34
spot_1338	normal	44	36
spot_1339	normal	44	38
spot_1340	normal	44	40
spot_1341	normal	44	42
spot_1342	normal	44	44
spot_1343	normal	44	46
spot_1344	normal	44	48
spot_1345	normal	44	50
spot_1346	normal	44	52
spot_1347	normal	44	54
spot_1348	normal	44	56
spot_1349	normal	44	58
spot_1350	clone_1	45	1
spot_1351	clone_1	45	3
spot_1352	clone_1	45	5
spot_1353	clone_1	45	7
spot_1354	clone_1	45	9
spot_1355	clone_1	45	11
spot_1356	clone_1	45	13
spot_1357	clone_1	45	15
spot_1358	clone_1	45	17
spot_1359	clone_1	45	19
spot_1360	clone_1	45	21
spot_1361	clone_2	45	23
spot_1362	clone_2	45	25
spot_1363	clone_2	45	27
spot_1364	clone_2	45	29
spot_1365	clone_2	45	31
spot_1366	normal	45	33
spot_1367	normal	45	35
spot_1368	normal	45	37
spot_1369	normal	45	39
spot_1370	normal	45	41
spot_1371	normal	45	43
spot_1372	normal	45	45
spot_1373	normal	45	47
spot_1374	normal	45	49
spot_1375	normal	45	51
spot_1376	normal	45	53
spot_1377	normal	45	55
spot_1378	normal	45	57
spot_1379	normal	45	59
spot_1380	clone_1	46	0
spot_1381	clone_1	46	2
spot_1382	clone_1	46	4
spot_1383	clone_1	46	6
spot_1384	clone_1	46	8
spot_1385	clone_1	46	10
spot_1386	clone_1	46	12
spot_1387	clone_1	46	14
spot_1388	clone_1	46	16
spot_1389	clone_1	46	18
spot_1390	clone_1	46	20
spot_1391	clone_1	46	22
spot_1392	clone_1	46	24
spot_1393	clone_2	46	26
spot_1394	clone_2	46	28
spot_1395	clone_2	46	30
spot_1396	normal	46	32
spot_1397	normal	46	34
spot_1398	normal	46	36
spot_1399	normal	46	38
spot_1400	normal	46	40
spot_1401	normal	46	42
spot_1402	normal	46	44
spot_1403	normal	46	46
spot_1404	normal	46	48
spot_1405	normal	46	50
spot_1406	normal	46	52
spot_1407	normal	46	54
spot_1408	normal	46	56
spot_1409	normal	46	58
spot_1410	clone_1	47	1
spot_1411	clone_1	47	3
spot_1412	clone_1	47	5
spot_1413	clone_1	47	7
spot_1414	clone_1	47	9
spot_1415	clone_1	47	11
spot_1416	clone_1	47	13
spot_1417	clone_1	47	15
spot_1418	clone_1	47	17
spot_1419	clone_1	47	19
spot_1420	clone_1	47	21
spot_1421	clone_1	47	23
spot_1422	clone_1	47	25
spot_1423	clone_2	47	27
spot_1424	clone_2	47	29
spot_1425	normal	47	31
spot_1426	normal	47	33
spot_1427	normal	47	35
spot_1428	normal	47	37
spot_1429	normal	47	39
spot_1430	normal	47	41
spot_1431	normal	47	43
spot_1432	normal	47	45
spot_1433	normal	47	47
spot_1434	normal	47	49
spot_1435	normal	47	51
spot_1436	normal	47	53
spot_1437	normal	47	55
spot_1438	normal	47	57
spot_1439	normal	47	59
spot_1440	clone_1	48	0
spot_1441	clone_1	48	2
spot_1442	clone_1	48	4
spot_1443	clone_1	48	6
spot_1444	clone_1	48	8
spot_1445	clone_1	48	10
spot_1446	clone_1	48	12
spot_1447	clone_1	48	14
spot_1448	clone_1	48	16
spot_1449	clone_1	48	18
spot_1450	clone_1	48	20
spot_1451	clone_1	48	22
spot_1452	clone_1	48	24
spot_1453	clone_1	48	26
spot_1454	clone_1	48	28
spot_1455	clone_2	48	30
spot_1456	normal	48	32
spot_1457	normal	48	34
spot_1458	normal	48	36
spot_1459	normal	48	38
spot_1460	normal	48	40
spot_1461	normal	48	42
spot_1462	normal	48	44
spot_1463	normal	48	46
spot_1464	normal	48	48
spot_1465	normal	48	50
spot_1466	normal	48	52
spot_1467	normal	48	54
spot_1468	normal	48	56
spot_1469	normal	48	58
spot_1470	clone_1	49	1
spot_1471	clone_1	49	3
spot_1472	clone_1	49	5
spot_1473	clone_1	49	7
spot_1474	clone_1	49	9
spot_1475	clone_1	49	11
spot_1476	clone_1	49	13
spot_1477	clone_1	49	15
spot_1478	clone_1	49	17
spot_1479	clone_1	49	19
spot_1480	clone_1	49	21
spot_1481	clone_1	49	23
spot_1482	clone_1	49	25
spot_1483	clone_1	49	27
spot_1484	clone_1	49	29
spot_1485	normal	49	31
spot_1486	normal	49	33
spot_1487	normal	49	35
spot_1488	normal	49	37
spot_1489	normal	49	39
spot_1490	normal	49	41
spot_1491	normal	49	43
spot_1492	normal	49	45
spot_1493	normal	49	47
spot_1494	normal	49	49
spot_1495	normal	49	51
spot_1496	normal	49	53
spot_1497	normal	49	55
spot_1498	normal	49	57
spot_1499	normal	49	59
spot_1500	clone_1	50	0
spot_1501	clone_1	50	2
spot_1502	clone_1	50	4
spot_1503	clone_1	50	6
spot_1504	clone_1	50	8
spot_1505	clone_1	50	10
spot_1506	clone_1	50	12
spot_1507	clone_1	50	14
spot_1508	clone_1	50	16
spot_1509	clone_1	50	18
spot_1510	clone_1	50	20
spot_1511	clone_1	50	22
spot_1512	clone_1	50	24
spot_1513	clone_1	50	26
spot_1514	clone_1	50	28
spot_1515	clone_1	50	30
spot_1516	normal	50	32
spot_1517	normal	50	34
spot_1518	normal	50	36
spot_1519	normal	50	38
spot_1520	normal	50	40
spot_1521	normal	50	42
spot_1522	normal	50	44
spot_1523	normal	50	46
spot_1524	normal	50	48
spot_1525	normal	50	50
spot_1526	normal	50	52
spot_1527	normal	50	54
spot_1528	normal	50	56
spot_1529	normal	50	58
spot_1530	clone_1	51	1
spot_1531	clone_1	51	3
spot_1532	clone_1	51	5
spot_1533	clone_1	51	7
spot_1534	clone_1	51	9
spot_1535	clone_1	51	11
spot_1536	clone_1	51	13
spot_1537	clone_1	51	15
spot_1538	clone_1	51	17
spot_1539	clone_1	51	19
spot_1540	clone_1	51	21
spot_1541	clone_1	51	23
spot_1542	clone_1	51	25
spot_1543	clone_1	51	27
spot_1544	clone_1	51	29
spot_1545	clone_1	51	31
spot_1546	normal	51	33
spot_1547	normal	51	35
spot_1548	normal	51	37
spot_1549	normal	51	39
spot_1550	normal	51	41
spot_1551	normal	51	43
spot_1552	normal	51	45
spot_1553	normal	51	47
spot_1554	normal	51	49
spot_1555	normal	51	51
spot_1556	normal	51	53
spot_1557	normal	51	55
spot_1558	normal	51	57
spot_1559	normal	51	59
spot_1560	clone_1	52	0
spot_1561	clone_1	52	2
spot_1562	clone_1	52	4
spot_1563	clone_1	52	6
spot_1564	clone_1	52	8
spot_1565	clone_1	52	10
spot_1566	clone_1	52	12
spot_1567	clone_1	52	14
spot_1568	clone_1	52	16
spot_1569	clone_1	52	18
spot_1570	clone_1	52	20
spot_1571	clone_1	52	22
spot_1572	clone_1	52	24
spot_1573	clone_1	52	26
spot_1574	clone_1	52	28
spot_1575	clone_1	52	30
spot_1576	normal	52	32
spot_1577	normal	52	34
spot_1578	normal	52	36
spot_1579	normal	52	38
spot_1580	normal	52	40
spot_1581	normal	52	42
spot_1582	normal	52	44
spot_1583	normal	52	46
spot_1584	normal	52	48
spot_1585	normal	52	50
spot_1586	normal	52	52
spot_1587	normal	52	54
spot_1588	normal	52	56
spot_1589	normal	52	58
spot_1590	clone_1	53	1
spot_1591	clone_1	53	3
spot_1592	clone_1	53	5
spot_1593	clone_1	53	7
spot_1594	clone_1	53	9
spot_1595	clone_1	53	11
spot_1596	clone_1	53	13
spot_1597	clone_1	53	15
spot_1598	clone_1	53	17
spot_1599	clone_1	53	19
spot_1600	clone_1	53	21
spot_1601	clone_1	53	23
spot_1602	clone_1	53	25
spot_1603	clone_1	53	27
spot_1604	clone_1	53	29
spot_1605	clone_1	53	31
spot_1606	normal	53	33
spot_1607	normal	53	35
spot_1608	normal	53	37
spot_1609	normal	53	39
spot_1610	normal	53	41
spot_1611	normal	53	43
spot_1612	normal	53	45
spot_1613	normal	53	47
spot_1614	normal	53	49
spot_1615	normal	53	51
spot_1616	normal	53	53
spot_1617	normal	53	55
spot_1618	normal	53	57
spot_1619	normal	53	59
spot_1620	clone_1	54	0
spot_1621	clone_1	54	2
spot_1622	clone_1	54	4
spot_1623	clone_1	54	6
spot_1624	clone_1	54	8
spot_1625	clone_1	54	10
spot_1626	clone_1	54	12
spot_1627	clone_1	54	14
spot_1628	clone_1	54	16
spot_1629	clone_1	54	18
spot_1630	clone_1	54	20
spot_1631	clone_1	54	22
spot_1632	clone_1	54	24
spot_1633	clone_1	54	26
spot_1634	clone_1	54	28
spot_1635	clone_1	54	30
spot_1636	clone_1	54	32
spot_1637	normal	54	34
spot_1638	normal	54	36
spot_1639	normal	54	38
spot_1640	normal	54	40
spot_1641	normal	54	42
spot_1642	normal	54	44
spot_1643	normal	54	46
spot_1644	normal	54	48
spot_1645	normal	54	50
spot_1646	normal	54	52
spot_1647	normal	54	54
spot_1648	normal	54	56
spot_1649	normal	54	58
spot_1650	clone_1	55	1
spot_1651	clone_1	55	3
spot_1652	clone_1	55	5
spot_1653	clone_1	55	7
spot_1654	clone_1	55	9
spot_1655	clone_1	55	11
spot_1656	clone_1	55	13
spot_1657	clone_1	55	15
spot_1658	clone_1	55	17
spot_1659	clone_1	55	19
spot_1660	clone_1	55	21
spot_1661	clone_1	55	23
spot_1662	clone_1	55	25
spot_1663	clone_1	55	27
spot_1664	clone_1	55	29
spot_1665	clone_1	55	31
spot_1666	clone_1	55	33
spot_1667	normal	55	35
spot_1668	normal	55	37
spot_1669	normal	55	39
spot_1670	normal	55	41
spot_1671	normal	55	43
spot_1672	normal	55	45
spot_1673	normal	55	47
spot_1674	normal	55	49
spot_1675	normal	55	51
spot_1676	normal	55	53
spot_1677	normal	55	55
spot_1678	normal	55	57
spot_1679	normal	55	59
spot_1680	clone_1	56	0
spot_1681	clone_1	56	2
spot_1682	clone_1	56	4
spot_1683	clone_1	56	6
spot_1684	clone_1	56	8
spot_1685	clone_1	56	10
spot_1686	clone_1	56	12
spot_1687	clone_1	56	14
spot_1688	clone_1	56	16
spot_1689	clone_1	56	18
spot_1690	clone_1	56	20
spot_1691	clone_1	56	22
spot_1692	clone_1	56	24
spot_1693	clone_1	56	26
spot_1694	clone_1	56	28
spot_1695	clone_1	56	30
spot_1696	clone_1	56	32
spot_1697	normal	56	34
spot_1698	normal	56	36
spot_1699	normal	56	38
spot_1700	normal	56	40
spot_1701	normal	56	42
spot_1702	normal	56	44
spot_1703	normal	56	46
spot_1704	normal	56	48
spot_1705	normal	56	50
spot_1706	normal	56	52
spot_1707	normal	56	54
spot_1708	normal	56	56
spot_1709	normal	56	58
spot_1710	clone_1	57	1
spot_1711	clone_1	57	3
spot_1712	clone_1	57	5
spot_1713	clone_1	57	7
spot_1714	clone_1	57	9
spot_1715	clone_1	57	11
spot_1716	clone_1	57	13
spot_1717	clone_1	57	15
spot_1718	clone_1	57	17
spot_1719	clone_1	57	19
spot_1720	clone_1	57	21
spot_1721	clone_1	57	23
spot_1722	clone_1	57	25
spot_1723	clone_1	57	27
spot_1724	clone_1	57	29
spot_1725	clone_1	57	31
spot_1726	clone_1	57	33
spot_1727	normal	57	35
spot_1728	normal	57	37
spot_1729	normal	57	39
spot_1730	normal	57	41
spot_1731	normal	57	43
spot_1732	normal	57	45
spot_1733	normal	57	47
spot_1734	normal	57	49
spot_1735	normal	57	51
spot_1736	normal	57	53
spot_1737	normal	57	55
spot_1738	normal	57	57
spot_1739	normal	57	59
spot_1740	clone_1	58	0
spot_1741	clone_1	58	2
spot_1742	clone_1	58	4
spot_1743	clone_1	58	6
spot_1744	clone_1	58	8
spot_1745	clone_1	58	10
spot_1746	clone_1	58	12
spot_1747	clone_1	58	14
spot_1748	clone_1	58	16
spot_1749	clone_1	58	18
spot_1750	clone_1	58	20
spot_1751	clone_1	58	22
spot_1752	clone_1	58	24
spot_1753	clone_1	58	26
spot_1754	clone_1	58	28
spot_1755	clone_1	58	30
spot_1756	clone_1	58	32
spot_1757	clone_1	58	34
spot_1758	normal	58	36
spot_1759	normal	58	38
spot_1760	normal	58	40
spot_1761	normal	58	42
spot_1762	normal	58	44
spot_1763	normal	58	46
spot_1764	normal	58	48
spot_1765	normal	58	50
spot_1766	normal	58	52
spot_1767	normal	58	54
spot_1768	normal	58	56
spot_1769	normal	58	58
spot_1770	clone_1	59	1
spot_1771	clone_1	59	3
spot_1772	clone_1	59	5
spot_1773	clone_1	59	7
spot_1774	clone_1	59	9
spot_1775	clone_1	59	11
spot_1776	clone_1	59	13
spot_1777	clone_1	59	15
spot_1778	clone_1	59	17
spot_1779	clone_1	59	19
spot_1780	clone_1	59	21
spot_1781	clone_1	59	23
spot_1782	clone_1	59	25
spot_1783	clone_1	59	27
spot_1784	clone_1	59	29
spot_1785	clone_1	59	31
spot_1786	clone_1	59	33
spot_1787	clone_0	59	35
spot_1788	clone_0	59	37
spot_1789	normal	59	39
spot_1790	normal	59	41
spot_1791	normal	59	43
spot_1792	normal	59	45
spot_1793	normal	59	47
spot_1794	normal	59	49
spot_1795	normal	59	51
spot_1796	normal	59	53
spot_1797	normal	59	55
spot_1798	normal	59	57
spot_1799	normal	59	59
spot_1800	clone_1	60	0
spot_1801	clone_1	60	2
spot_1802	clone_1	60	4
spot_1803	clone_1	60	6
spot_1804	clone_1	60	8
spot_1805	clone_1	60	10
spot_1806	clone_1	60	12
spot_1807	clone_1	60	14
spot_1808	clone_1	60	16
spot_1809	clone_1	60	18
spot_1810	clone_1	60	20
spot_1811	clone_1	60	22
spot_1812	clone_1	60	24
spot_1813	clone_1	60	26
spot_1814	clone_1	60	28
spot_1815	clone_1	60	30
spot_1816	clone_1	60	32
spot_1817	clone_0	60	34
spot_1818	clone_0	60	36
spot_1819	clone_0	60	38
spot_1820	clone_0	60	40
spot_1821	normal	60	42
spot_1822	normal	60	44
spot_1823	normal	60	46
spot_1824	normal	60	48
spot_1825	normal	60	50
spot_1826	normal	60	52
spot_1827	normal	60	54
spot_1828	normal	60	56
spot_1829	normal	60	58
spot_1830	clone_1	61	1
spot_1831	clone_1	61	3
spot_1832	clone_1	61	5
spot_1833	clone_1	61	7
spot_1834	clone_1	61	9
spot_1835	clone_1	61	11
spot_1836	clone_1	61	13
spot_1837	clone_1	61	15
spot_1838	clone_1	61	17
spot_1839	clone_1	61	19
spot_1840	clone_1	61	21
spot_1841	clone_1	61	23
spot_1842	clone_1	61	25
spot_1843	clone_1	61	27
spot_1844	clone_1	61	29
spot_1845	clone_1	61	31
spot_1846	clone_0	61	33
spot_1847	clone_0	61	35
spot_1848	clone_0	61	37
spot_1849	clone_0	61	39
spot_1850	clone_0	61	41
spot_1851	clone_0	61	43
spot_1852	normal	61	45
spot_1853	normal	61	47
spot_1854	normal	61	49
spot_1855	normal	61	51
spot_1856	normal	61	53
spot_1857	normal	61	55
spot_1858	normal	61	57
spot_1859	normal	61	59
spot_1860	clone_1	62	0
spot_1861	clone_1	62	2
spot_1862	clone_1	62	4
spot_1863	clone_1	62	6
spot_1864	clone_1	62	8
spot_1865	clone_1	62	10
spot_1866	clone_1	62	12
spot_1867	clone_1	62	14
spot_1868	clone_1	62	16
spot_1869	clone_1	62	18
spot_1870	clone_1	62	20
spot_1871	clone_1	62	22
spot_1872	clone_1	62	24
spot_1873	clone_1	62	26
spot_1874	clone_1	62	28
spot_1875	clone_1	62	30
spot_1876	clone_0	62	32
spot_1877	clone_0	62	34
spot_1878	clone_0	62	36
spot_1879	clone_0	62	38
spot_1880	clone_0	62	40
spot_1881	clone_0	62	42
spot_1882	clone_0	62	44
spot_1883	clone_0	62	46
spot_1884	normal	62	48
spot_1885	normal	62	50
spot_1886	normal	62	52
spot_1887	normal	62	54
spot_1888	normal	62	56
spot_1889	normal	62	58
spot_1890	clone_1	63	1
spot_1891	clone_1	63	3
spot_1892	clone_1	63	5
spot_1893	clone_1	63	7
spot_1894	clone_1	63	9
spot_1895	clone_1	63	11
spot_1896	clone_1	63	13
spot_1897	clone_1	63	15
spot_1898	clone_1	63	17
spot_1899	clone_1	63	19
spot_1900	clone_1	63	21
spot_1901	clone_1	63	23
spot_1902	clone_1	63	25
spot_1903	clone_1	63	27
spot_1904	clone_1	63	29
spot_1905	clone_0	63	31
spot_1906	clone_0	63	33
spot_1907	clone_0	63	35
spot_1908	clone_0	63	37
spot_1909	clone_0	63	39
spot_1910	clone_0	63	41
spot_1911	clone_0	63	43
spot_1912	clone_0	63	45
spot_1913	clone_0	63	47
spot_1914	clone_0	63	49
spot_1915	normal	63	51
spot_1916	normal	63	53
spot_1917	normal	63	55
spot_1918	normal	63	57
spot_1919	normal	63	59
spot_1920	clone_1	64	0
spot_1921	clone_1	64	2
spot_1922	clone_1	64	4
spot_1923	clone_1	64	6
spot_1924	clone_1	64	8
spot_1925	clone_1	64	10
spot_1926	clone_1	64	12
spot_1927	clone_1	64	14
spot_1928	clone_1	64	16
spot_1929	clone_1	64	18
spot_1930	clone_1	64	20
spot_1931	clone_1	64	22
spot_1932	clone_1	64	24
spot_1933	clone_1	64	26
spot_1934	clone_0	64	28
spot_1935	clone_0	64	30
spot_1936	clone_0	64	32
spot_1937	clone_0	64	34
spot_1938	clone_0	64	36
spot_1939	clone_0	64	38
spot_1940	clone_0	64	40
spot_1941	clone_0	64	42
spot_1942	clone_0	64	44
spot_1943	clone_0	64	46
spot_1944	clone_0	64	48
spot_1945	clone_0	64	50
spot_1946	normal	64	52
spot_1947	normal	64	54
spot_1948	normal	64	56
spot_1949	normal	64	58
spot_1950	clone_1	65	1
spot_1951	clone_1	65	3
spot_1952	clone_1	65	5
spot_1953	clone_1	65	7
spot_1954	clone_1	65	9
spot_1955	clone_1	65	11
spot_1956	clone_1	65	13
spot_1957	clone_1	65	15
spot_1958	clone_1	65	17
spot_1959	clone_1	65	19
spot_1960	clone_1	65	21
spot_1961	clone_1	65	23
spot_1962	clone_1	65	25
spot_1963	clone_0	65	27
spot_1964	clone_0	65	29
spot_1965	clone_0	65	31
spot_1966	clone_0	65	33
spot_1967	clone_0	65	35
spot_1968	clone_0	65	37
spot_1969	clone_0	65	39
spot_1970	clone_0	65	41
spot_1971	clone_0	65	43
spot_1972	clone_0	65	45
spot_1973	clone_0	65	47
spot_1974	clone_0	65	49
spot_1975	clone_0	65	51
spot_1976	clone_0	65	53
spot_1977	normal	65	55
spot_1978	normal	65	57
spot_1979	normal	65	59
spot_1980	clone_1	66	0
spot_1981	clone_1	66	2
spot_1982	clone_1	66	4
spot_1983	clone_1	66	6
spot_1984	clone_1	66	8
spot_1985	clone_1	66	10
spot_1986	clone_1	66	12
spot_1987	clone_1	66	14
spot_1988	clone_1	66	16
spot_1989	clone_1	66	18
spot_1990	clone_1	66	20
spot_1991	clone_1	66	22
spot_1992	clone_1	66	24
spot_1993	clone_0	66	26
spot_1994	clone_0	66	28
spot_1995	clone_0	66	30
spot_1996	clone_0	66	32
spot_1997	clone_0	66	34
spot_1998	clone_0	66	36
spot_1999	clone_0	66	38
spot_2000	clone_0	66	40
spot_2001	clone_0	66	42
spot_2002	clone_0	66	44
spot_2003	clone_0	66	46
spot_2004	clone_0	66	48
spot_2005	clone_0	66	50
spot_2006	clone_0	66	52
spot_2007	clone_0	66	54
spot_2008	clone_0	66	56
spot_2009	normal	66	58
spot_2010	clone_1	67	1
spot_2011	clone_1	67	3
spot_2012	clone_1	67	5
spot_2013	clone_1	67	7
spot_2014	clone_1	67	9
spot_2015	clone_1	67	11
spot_2016	clone_1	67	13
spot_2017	clone_1	67	15
spot_2018	clone_1	67	17
spot_2019	clone_1	67	19
spot_2020	clone_1	67	21
spot_2021	clone_1	67	23
spot_2022	clone_0	67	25
spot_2023	clone_0	67	27
spot_2024	clone_0	67	29
spot_2025	clone_0	67	31
spot_2026	clone_0	67	33
spot_2027	clone_0	67	35
spot_2028	clone_0	67	37
spot_2029	clone_0	67	39
spot_2030	clone_0	67	41
spot_2031	clone_0	67	43
spot_2032	clone_0	67	45
spot_2033	clone_0	67	47
spot_2034	clone_0	67	49
spot_2035	clone_0	67	51
spot_2036	clone_0	67	53
spot_2037	clone_0	67	55
spot_2038	clone_0	67	57
spot_2039	clone_0	67	59
spot_2040	clone_1	68	0
spot_2041	clone_1	68	2
spot_2042	clone_1	68	4
spot_2043	clone_1	68	6
spot_2044	clone_1	68	8
spot_2045	clone_1	68	10
spot_2046	clone_1	68	12
spot_2047	clone_1	68	14
spot_2048	clone_1	68	16
spot_2049	clone_1	68	18
spot_2050	clone_1	68	20
spot_2051	clone_1	68	22
spot_2052	clone_0	68	24
spot_2053	clone_0	68	26
spot_2054	clone_0	68	28
spot_2055	clone_0	68	30
spot_2056	clone_0	68	32
spot_2057	clone_0	68	34
spot_2058	clone_0	68	36
spot_2059	clone_0	68	38
spot_2060	clone_0	68	40
spot_2061	clone_0	68	42
spot_2062	clone_0	68	44
spot_2063	clone_0	68	46
spot_2064	clone_0	68	48
spot_2065	clone_0	68	50
spot_2066	clone_0	68	52
spot_2067	clone_0	68	54
spot_2068	clone_0	68	56
spot_2069	clone_0	68	58
spot_2070	clone_1	69	1
spot_2071	clone_1	69	3
spot_2072	clone_1	69	5
spot_2073	clone_1	69	7
spot_2074	clone_1	69	9
spot_2075	clone_1	69	11
spot_2076	clone_1	69	13
spot_2077	clone_1	69	15
spot_2078	clone_1	69	17
spot_2079	clone_1	69	19
spot_2080	clone_1	69	21
spot_2081	clone_0	69	23
spot_2082	clone_0	69	25
spot_2083	clone_0	69	27
spot_2084	clone_0	69	29
spot_2085	clone_0	69	31
spot_2086	clone_0	69	33
spot_2087	clone_0	69	35
spot_2088	clone_0	69	37
spot_2089	clone_0	69	39
spot_2090	clone_0	69	41
spot_2091	clone_0	69	43
spot_2092	clone_0	69	45
spot_2093	clone_0	69	47
spot_2094	clone_0	69	49
spot_2095	clone_0	69	51
spot_2096	clone_0	69	53
spot_2097	clone_0	69	55
spot_2098	clone_0	69	57
spot_2099	clone_0	69	59
spot_2100	clone_1	70	0
spot_2101	clone_1	70	2
spot_2102	clone_1	70	4
spot_2103	clone_1	70	6
spot_2104	clone_1	70	8
spot_2105	clone_1	70	10
spot_2106	clone_1	70	12
spot_2107	clone_1	70	14
spot_2108	clone_1	70	16
spot_2109	clone_1	70	18
spot_2110	clone_1	70	20
spot_2111	clone_0	70	22
spot_2112	clone_0	70	24
spot_2113	clone_0	70	26
spot_2114	clone_0	70	28
spot_2115	clone_0	70	30
spot_2116	clone_0	70	32
spot_2117	clone_0	70	34
spot_2118	clone_0	70	36
spot_2119	clone_0	70	38
spot_2120	clone_0	70	40
spot_2121	clone_0	70	42
spot_2122	clone_0	70	44
spot_2123	clone_0	70	46
spot_2124	clone_0	70	48
spot_2125	clone_0	70	50
spot_2126	clone_0	70	52
spot_2127	clone_0	70	54
spot_2128	clone_0	70	56
spot_2129	clone_0	70	58
spot_2130	clone_1	71	1
spot_2131	clone_1	71	3
spot_2132	clone_1	71	5
spot_2133	clone_1	71	7
spot_2134	clone_1	71	9
spot_2135	clone_1	71	11
spot_2136	clone_1	71	13
spot_2137	clone_1	71	15
spot_2138	clone_1	71	17
spot_2139	clone_1	71	19
spot_2140	clone_0	71	21
spot_2141	clone_0	71	23
spot_2142	clone_0	71	25
spot_2143	clone_0	71	27
spot_2144	clone_0	71	29
spot_2145	clone_0	71	31
spot_2146	clone_0	71	33
spot_2147	clone_0	71	35
spot_2148	clone_0	71	37
spot_2149	clone_0	71	39
spot_2150	clone_0	71	41
spot_2151	clone_0	71	43
spot_2152	clone_0	71	45
spot_2153	clone_0	71	47
spot_2154	clone_0	71	49
spot_2155	clone_0	71	51
spot_2156	clone_0	71	53
spot_2157	clone_0	71	55
spot_2158	clone_0	71	57
spot_2159	clone_0	71	59
spot_2160	clone_1	72	0
spot_2161	clone_1	72	2
spot_2162	clone_1	72	4
spot_2163	clone_1	72	6
spot_2164	clone_1	72	8
spot_2165	clone_1	72	10
spot_2166	clone_1	72	12
spot_2167	clone_1	72	14
spot_2168	clone_1	72	16
spot_2169	clone_1	72	18
spot_2170	clone_0	72	20
spot_2171	clone_0	72	22
spot_2172	clone_0	72	24
spot_2173	clone_0	72	26
spot_2174	clone_0	72	28
spot_2175	clone_0	72	30
spot_2176	clone_0	72	32
spot_2177	clone_0	72	34
spot_2178	clone_0	72	36
spot_2179	clone_0	72	38
spot_2180	clone_0	72	40
spot_2181	clone_0	72	42
spot_2182	clone_0	72	44
spot_2183	clone_0	72	46
spot_2184	clone_0	72	48
spot_2185	clone_0	72	50
spot_2186	clone_0	72	52
spot_2187	clone_0	72	54
spot_2188	clone_0	72	56
spot_2189	clone_0	72	58
spot_2190	clone_1	73	1
spot_2191	clone_1	73	3
spot_2192	clone_1	73	5
spot_2193	clone_1	73	7
spot_2194	clone_1	73	9
spot_2195	clone_1	73	11
spot_2196	clone_1	73	13
spot_2197	clone_1	73	15
spot_2198	clone_1	73	17
spot_2199	clone_0	73	19
spot_2200	clone_0	73	21
spot_2201	clone_0	73	23
spot_2202	clone_0	73	25
spot_2203	clone_0	73	27
spot_2204	clone_0	73	29
spot_2205	clone_0	73	31
spot_2206	clone_0	73	33
spot_2207	clone_0	73	35
spot_2208	clone_0	73	37
spot_2209	clone_0	73	39
spot_2210	clone_0	73	41
spot_2211	clone_0	73	43
spot_2212	clone_0	73	45
spot_2213	clone_0	73	47
spot_2214	clone_0	73	49
spot_2215	clone_0	73	51
spot_2216	clone_0	73	53
spot_2217	clone_0	73	55
spot_2218	clone_0	73	57
spot_2219	clone_0	73	59
spot_2220	clone_1	74	0
spot_2221	clone_1	74	2
spot_2222	clone_1	74	4
spot_2223	clone_1	74	6
spot_2224	clone_1	74	8
spot_2225	clone_1	74	10
spot_2226	clone_1	74	12
spot_2227	clone_1	74	14
spot_2228	clone_1	74	16
spot_2229	clone_0	74	18
spot_2230	clone_0	74	20
spot_2231	clone_0	74	22
spot_2232	clone_0	74	24
spot_2233	clone_0	74	26
spot_2234	clone_0	74	28
spot_2235	clone_0	74	30
spot_2236	clone_0	74	32
spot_2237	clone_0	74	34
spot_2238	clone_0	74	36
spot_2239	clone_0	74	38
spot_2240	clone_0	74	40
spot_2241	clone_0	74	42
spot_2242	clone_0	74	44
spot_2243	clone_0	74	46
spot_2244	clone_0	74	48
spot_2245	clone_0	74	50
spot_2246	clone_0	74	52
spot_2247	clone_0	74	54
spot_2248	clone_0	74	56
spot_2249	clone_0	74	58
spot_2250	clone_1	75	1
spot_2251	clone_1	75	3
spot_2252	clone_1	75	5
spot_2253	clone_1	75	7
spot_2254	clone_1	75	9
spot_2255	clone_1	75	11
spot_2256	clone_1	75	13
spot_2257	clone_1	75	15
spot_2258	clone_0	75	17
spot_2259	clone_0	75	19
spot_2260	clone_0	75	21
spot_2261	clone_0	75	23
spot_2262	clone_0	75	25
spot_2263	clone_0	75	27
spot_2264	clone_0	75	29
spot_2265	clone_0	75	31
spot_2266	clone_0	75	33
spot_2267	clone_0	75	35
spot_2268	clone_0	75	37
spot_2269	clone_0	75	39
spot_2270	clone_0	75	41
spot_2271	clone_0	75	43
spot_2272	clone_0	75	45
spot_2273	clone_0	75	47
spot_2274	clone_0	75	49
spot_2275	clone_0	75	51
spot_2276	clone_0	75	53
spot_2277	clone_0	75	55
spot_2278	clone_0	75	57
spot_2279	clone_0	75	59
spot_2280	clone_1	76	0
spot_2281	clone_1	76	2
spot_2282	clone_1	76	4
spot_2283	clone_1	76	6
spot_2284	clone_1	76	8
spot_2285	clone_1	76	10
spot_2286	clone_1	76	12
spot_2287	clone_1	76	14
spot_2288	clone_0	76	16
spot_2289	clone_0	76	18
spot_2290	clone_0	76	20
spot_2291	clone_0	76	22
spot_2292	clone_0	76	24
spot_2293	clone_0	76	26
spot_2294	clone_0	76	28
spot_2295	clone_0	76	30
spot_2296	clone_0	76	32
spot_2297	clone_0	76	34
spot_2298	clone_0	76	36
spot_2299	clone_0	76	38
spot_2300	clone_0	76	40
spot_2301	clone_0	76	42
spot_2302	clone_0	76	44
spot_2303	clone_0	76	46
spot_2304	clone_0	76	48
spot_2305	clone_0	76	50
spot_2306	clone_0	76	52
spot_2307	clone_0	76	54
spot_2308	clone_0	76	56
spot_2309	clone_0	76	58
spot_2310	clone_1	77	1
spot_2311	clone_1	77	3
spot_2312	clone_1	77	5
spot_2313	clone_1	77	7
spot_2314	clone_1	77	9
spot_2315	clone_1	77	11
spot_2316	clone_1	77	13
spot_2317	clone_0	77	15
spot_2318	clone_0	77	17
spot_2319	clone_0	77	19
spot_2320	clone_0	77	21
spot_2321	clone_0	77	23
spot_2322	clone_0	77	25
spot_2323	clone_0	77	27
spot_2324	clone_0	77	29
spot_2325	clone_0	77	31
spot_2326	clone_0	77	33
spot_2327	clone_0	77	35
spot_2328	clone_0	77	37
spot_2329	clone_0	77	39
spot_2330	clone_0	77	41
spot_2331	clone_0	77	43
spot_2332	clone_0	77	45
spot_2333	clone_0	77	47
spot_2334	clone_0	77	49
spot_2335	clone_0	77	51
spot_2336	clone_0	77	53
spot_2337	clone_0	77	55
spot_2338	clone_0	77	57
spot_2339	clone_0	77	59
spot_2340	clone_1	78	0
spot_2341	clone_1	78	2
spot_2342	clone_1	78	4
spot_2343	clone_1	78	6
spot_2344	clone_1	78	8
spot_2345	clone_1	78	10
spot_2346	clone_1	78	12
spot_2347	clone_0	78	14
spot_2348	clone_0	78	16
spot_2349	clone_0	78	18
spot_2350	clone_0	78	20
spot_2351	clone_0	78	22
spot_2352	clone_0	78	24
spot_2353	clone_0	78	26
spot_2354	clone_0	78	28
spot_2355	clone_0	78	30
spot_2356	clone_0	78	32
spot_2357	clone_0	78	34
spot_2358	clone_0	78	36
spot_2359	clone_0	78	38
spot_2360	clone_0	78	40
spot_2361	clone_0	78	42
spot_2362	clone_0	78	44
spot_2363	clone_0	78	46
spot_2364	clone_0	78	48
spot_2365	clone_0	78	50
spot_2366	clone_0	78	52
spot_2367	clone_0	78	54
spot_2368	clone_0	78	56
spot_2369	clone_0	78	58
spot_2370	clone_1	79	1
spot_2371	clone_1	79	3
spot_2372	clone_1	79	5
spot_2373	clone_1	79	7
spot_2374	clone_1	79	9
spot_2375	clone_1	79	11
spot_2376	clone_0	79	13
spot_2377	clone_0	79	15
spot_2378	clone_0	79	17
spot_2379	clone_0	79	19
spot_2380	clone_0	79	21
spot_2381	clone_0	79	23
spot_2382	clone_0	79	25
spot_2383	clone_0	79	27
spot_2384	clone_0	79	29
spot_2385	clone_0	79	31
spot_2386	clone_0	79	33
spot_2387	clone_0	79	35
spot_2388	clone_0	79	37
spot_2389	clone_0	79	39
spot_2390	clone_0	79	41
spot_2391	clone_0	79	43
spot_2392	clone_0	79	45
spot_2393	clone_0	79	47
spot_2394	clone_0	79	49
spot_2395	clone_0	79	51
spot_2396	clone_0	79	53
spot_2397	clone_0	79	55
spot_2398	clone_0	79	57
spot_2399	clone_0	79	59
spot_2400	clone_1	80	0
spot_2401	clone_1	80	2
spot_2402	clone_1	80	4
spot_2403	clone_1	80	6
spot_2404	clone_1	80	8
spot_2405	clone_1	80	10
spot_2406	clone_0	80	12
spot_2407	clone_0	80	14
spot_2408	clone_0	80	16
spot_2409	clone_0	80	18
spot_2410	clone_0	80	20
spot_2411	clone_0	80	22
spot_2412	clone_0	80	24
spot_2413	clone_0	80	26
spot_2414	clone_0	80	28
spot_2415	clone_0	80	30
spot_2416	clone_0	80	32
spot_2417	clone_0	80	34
spot_2418	clone_0	80	36
spot_2419	clone_0	80	38
spot_2420	clone_0	80	40
spot_2421	clone_0	80	42
spot_2422	clone_0	80	44
spot_2423	clone_0	80	46
spot_2424	clone_0	80	48
spot_2425	clone_0	80	50
spot_2426	clone_0	80	52
spot_2427	clone_0	80	54
spot_2428	clone_0	80	56
spot_2429	clone_0	80	58
spot_2430	clone_1	81	1
spot_2431	clone_1	81	3
spot_2432	clone_1	81	5
spot_2433	clone_1	81	7
spot_2434	clone_1	81	9
spot_2435	clone_0	81	11
spot_2436	clone_0	81	13
spot_2437	clone_0	81	15
spot_2438	clone_0	81	17
spot_2439	clone_0	81	19
spot_2440	clone_0	81	21
spot_2441	clone_0	81	23
spot_2442	clone_0	81	25
spot_2443	clone_0	81	27
spot_2444	clone_0	81	29
spot_2445	clone_0	81	31
spot_2446	clone_0	81	33
spot_2447	clone_0	81	35
spot_2448	clone_0	81	37
spot_2449	clone_0	81	39
spot_2450	clone_0	81	41
spot_2451	clone_0	81	43
spot_2452	clone_0	81	45
spot_2453	clone_0	81	47
spot_2454	clone_0	81	49
spot_2455	clone_0	81	51
spot_2456	clone_0	81	53
spot_2457	clone_0	81	55
spot_2458	clone_0	81	57
spot_2459	clone_0	81	59
spot_2460	clone_1	82	0
spot_2461	clone_1	82	2
spot_2462	clone_1	82	4
spot_2463	clone_1	82	6
spot_2464	clone_1	82	8
spot_2465	clone_0	82	10
spot_2466	clone_0	82	12
spot_2467	clone_0	82	14
spot_2468	clone_0	82	16
spot_2469	clone_0	82	18
spot_2470	clone_0	82	20
spot_2471	clone_0	82	22
spot_2472	clone_0	82	24
spot_2473	clone_0	82	26
spot_2474	clone_0	82	28
spot_2475	clone_0	82	30
spot_2476	clone_0	82	32
spot_2477	clone_0	82	34
spot_2478	clone_0	82	36
spot_2479	clone_0	82	38
spot_2480	clone_0	82	40
spot_2481	clone_0	82	42
spot_2482	clone_0	82	44
spot_2483	clone_0	82	46
spot_2484	clone_0	82	48
spot_2485	clone_0	82	50
spot_2486	clone_0	82	52
spot_2487	clone_0	82	54
spot_2488	clone_0	82	56
spot_2489	clone_0	82	58
spot_2490	clone_1	83	1
spot_2491	clone_1	83	3
spot_2492	clone_1	83	5
spot_2493	clone_1	83	7
spot_2494	clone_0	83	9
spot_2495	clone_0	83	11
spot_2496	clone_0	83	13
spot_2497	clone_0	83	15
spot_2498	clone_0	83	17
spot_2499	clone_0	83	19
spot_2500	clone_0	83	21
spot_2501	clone_0	83	23
spot_2502	clone_0	83	25
spot_2503	clone_0	83	27
spot_2504	clone_0	83	29
spot_2505	clone_0	83	31
spot_2506	clone_0	83	33
spot_2507	clone_0	83	35
spot_2508	clone_0	83	37
spot_2509	clone_0	83	39
spot_2510	clone_0	83	41
spot_2511	clone_0	83	43
spot_2512	clone_0	83	45
spot_2513	clone_0	83	47
spot_2514	clone_0	83	49
spot_2515	clone_0	83	51
spot_2516	clone_0	83	53
spot_2517	clone_0	83	55
spot_2518	clone_0	83	57
spot_2519	clone_0	83	59
spot_2520	clone_1	84	0
spot_2521	clone_1	84	2
spot_2522	clone_1	84	4
spot_2523	clone_1	84	6
spot_2524	clone_0	84	8
spot_2525	clone_0	84	10
spot_2526	clone_0	84	12
spot_2527	clone_0	84	14
spot_2528	clone_0	84	16
spot_2529	clone_0	84	18
spot_2530	clone_0	84	20
spot_2531	clone_0	84	22
spot_2532	clone_0	84	24
spot_2533	clone_0	84	26
spot_2534	clone_0	84	28
spot_2535	clone_0	84	30
spot_2536	clone_0	84	32
spot_2537	clone_0	84	34
spot_2538	clone_0	84	36
spot_2539	clone_0	84	38
spot_2540	clone_0	84	40
spot_2541	clone_0	84	42
spot_2542	clone_0	84	44
spot_2543	clone_0	84	46
spot_2544	clone_0	84	48
spot_2545	clone_0	84	50
spot_2546	clone_0	84	52
spot_2547	clone_0	84	54
spot_2548	clone_0	84	56
spot_2549	clone_0	84	58
spot_2550	clone_1	85	1
spot_2551	clone_1	85	3
spot_2552	clone_1	85	5
spot_2553	clone_0	85	7
spot_2554	clone_0	85	9
spot_2555	clone_0	85	11
spot_2556	clone_0	85	13
spot_2557	clone_0	85	15
spot_2558	clone_0	85	17
spot_2559	clone_0	85	19
spot_2560	clone_0	85	21
spot_2561	clone_0	85	23
spot_2562	clone_0	85	25
spot_2563	clone_0	85	27
spot_2564	clone_0	85	29
spot_2565	clone_0	85	31
spot_2566	clone_0	85	33
spot_2567	clone_0	85	35
spot_2568	clone_0	85	37
spot_2569	clone_0	85	39
spot_2570	clone_0	85	41
spot_2571	clone_0	85	43
spot_2572	clone_0	85	45
spot_2573	clone_0	85	47
spot_2574	clone_0	85	49
spot_2575	clone_0	85	51
spot_2576	clone_0	85	53
spot_2577	clone_0	85	55
spot_2578	clone_0	85	57
spot_2579	clone_0	85	59
spot_2580	clone_1	86	0
spot_2581	clone_1	86	2
spot_2582	clone_1	86	4
spot_2583	clone_0	86	6
spot_2584	clone_0	86	8
spot_2585	clone_0	86	10
spot_2586	clone_0	86	12
spot_2587	clone_0	86	14
spot_2588	clone_0	86	16
spot_2589	clone_0	86	18
spot_2590	clone_0	86	20
spot_2591	clone_0	86	22
spot_2592	clone_0	86	24
spot_2593	clone_0	86	26
spot_2594	clone_0	86	28
spot_2595	clone_0	86	30
spot_2596	clone_0	86	32
spot_2597	clone_0	86	34
spot_2598	clone_0	86	36
spot_2599	clone_0	86	38
spot_2600	clone_0	86	40
spot_2601	clone_0	86	42
spot_2602	clone_0	86	44
spot_2603	clone_0	86	46
spot_2604	clone_0	86	48
spot_2605	clone_0	86	50
spot_2606	clone_0	86	52
spot_2607	clone_0	86	54
spot_2608	clone_0	86	56
spot_2609	clone_0	86	58
spot_2610	clone_1	87	1
spot_2611	clone_1	87	3
spot_2612	clone_0	87	5
spot_2613	clone_0	87	7
spot_2614	clone_0	87	9
spot_2615	clone_0	87	11
spot_2616	clone_0	87	13
spot_2617	clone_0	87	15
spot_2618	clone_0	87	17
spot_2619	clone_0	87	19
spot_2620	clone_0	87	21
spot_2621	clone_0	87	23
spot_2622	clone_0	87	25
spot_2623	clone_0	87	27
spot_2624	clone_0	87	29
spot_2625	clone_0	87	31
spot_2626	clone_0	87	33
spot_2627	clone_0	87	35
spot_2628	clone_0	87	37
spot_2629	clone_0	87	39
spot_2630	clone_0	87	41
spot_2631	clone_0	87	43
spot_2632	clone_0	87	45
spot_2633	clone_0	87	47
spot_2634	clone_0	87	49
spot_2635	clone_0	87	51
spot_2636	clone_0	87	53
spot_2637	clone_0	87	55
spot_2638	clone_0	87	57
spot_2639	clone_0	87	59
spot_2640	clone_1	88	0
spot_2641	clone_1	88	2
spot_2642	clone_0	88	4
spot_2643	clone_0	88	6
spot_2644	clone_0	88	8
spot_2645	clone_0	88	10
spot_2646	clone_0	88	12
spot_2647	clone_0	88	14
spot_2648	clone_0	88	16
spot_2649	clone_0	88	18
spot_2650	clone_0	88	20
spot_2651	clone_0	88	22
spot_2652	clone_0	88	24
spot_2653	clone_0	88	26
spot_2654	clone_0	88	28
spot_2655	clone_0	88	30
spot_2656	clone_0	88	32
spot_2657	clone_0	88	34
spot_2658	clone_0	88	36
spot_2659	clone_0	88	38
spot_2660	clone_0	88	40
spot_2661	clone_0	88	42
spot_2662	clone_0	88	44
spot_2663	clone_0	88	46
spot_2664	clone_0	88	48
spot_2665	clone_0	88	50
spot_2666	clone_0	88	52
spot_2667	clone_0	88	54
spot_2668	clone_0	88	56
spot_2669	clone_0	88	58
spot_2670	clone_1	89	1
spot_2671	clone_0	89	3
spot_2672	clone_0	89	5
spot_2673	clone_0	89	7
spot_2674	clone_0	89	9
spot_2675	clone_0	89	11
spot_2676	clone_0	89	13
spot_2677	clone_0	89	15
spot_2678	clone_0	89	17
spot_2679	clone_0	89	19
spot_2680	clone_0	89	21
spot_2681	clone_0	89	23
spot_2682	clone_0	89	25
spot_2683	clone_0	89	27
spot_2684	clone_0	89	29
spot_2685	clone_0	89	31
spot_2686	clone_0	89	33
spot_2687	clone_0	89	35
spot_2688	clone_0	89	37
spot_2689	clone_0	89	39
spot_2690	clone_0	89	41
spot_2691	clone_0	89	43
spot_2692	clone_0	89	45
spot_2693	clone_0	89	47
spot_2694	clone_0	89	49
spot_2695	clone_0	89	51
spot_2696	clone_0	89	53
spot_2697	clone_0	89	55
spot_2698	clone_0	89	57
spot_2699	clone_0	89	59
spot_2700	clone_0	90	0
spot_2701	clone_0	90	2
spot_2702	clone_0	90	4
spot_2703	clone_0	90	6
spot_2704	clone_0	90	8
spot_2705	clone_0	90	10
spot_2706	clone_0	90	12
spot_2707	clone_0	90	14
spot_2708	clone_0	90	16
spot_2709	clone_0	90	18
spot_2710	clone_0	90	20
spot_2711	clone_0	90	22
spot_2712	clone_0	90	24
spot_2713	clone_0	90	26
spot_2714	clone_0	90	28
spot_2715	clone_0	90	30
spot_2716	clone_0	90	32
spot_2717	clone_0	90	34
spot_2718	clone_0	90	36
spot_2719	clone_0	90	38
spot_2720	clone_0	90	40
spot_2721	clone_0	90	42
spot_2722	clone_0	90	44
spot_2723	clone_0	90	46
spot_2724	clone_0	90	48
spot_2725	clone_0	90	50
spot_2726	clone_0	90	52
spot_2727	clone_0	90	54
spot_2728	clone_0	90	56
spot_2729	clone_0	90	58
spot_2730	clone_0	91	1
spot_2731	clone_0	91	3
spot_2732	clone_0	91	5
spot_2733	clone_0	91	7
spot_2734	clone_0	91	9
spot_2735	clone_0	91	11
spot_2736	clone_0	91	13
spot_2737	clone_0	91	15
spot_2738	clone_0	91	17
spot_2739	clone_0	91	19
spot_2740	clone_0	91	21
spot_2741	clone_0	91	23
spot_2742	clone_0	91	25
spot_2743	clone_0	91	27
spot_2744	clone_0	91	29
spot_2745	clone_0	91	31
spot_2746	clone_0	91	33
spot_2747	clone_0	91	35
spot_2748	clone_0	91	37
spot_2749	clone_0	91	39
spot_2750	clone_0	91	41
spot_2751	clone_0	91	43
spot_2752	clone_0	91	45
spot_2753	clone_0	91	47
spot_2754	clone_0	91	49
spot_2755	clone_0	91	51
spot_2756	clone_0	91	53
spot_2757	clone_0	91	55
spot_2758	clone_0	91	57
spot_2759	clone_0	91	59
spot_2760	clone_0	92	0
spot_2761	clone_0	92	2
spot_2762	clone_0	92	4
spot_2763	clone_0	92	6
spot_2764	clone_0	92	8
spot_2765	clone_0	92	10
spot_2766	clone_0	92	12
spot_2767	clone_0	92	14
spot_2768	clone_0	92	16
spot_2769	clone_0	92	18
spot_2770	clone_0	92	20
spot_2771	clone_0	92	22
spot_2772	clone_0	92	24
spot_2773	clone_0	92	26
spot_2774	clone_0	92	28
spot_2775	clone_0	92	30
spot_2776	clone_0	92	32
spot_2777	clone_0	92	34
spot_2778	clone_0	92	36
spot_2779	clone_0	92	38
spot_2780	clone_0	92	40
spot_2781	clone_0	92	42
spot_2782	clone_0	92	44
spot_2783	clone_0	92	46
spot_2784	clone_0	92	48
spot_2785	clone_0	92	50
spot_2786	clone_0	92	52
spot_2787	clone_0	92	54
spot_2788	clone_0	92	56
spot_2789	clone_0	92	58
spot_2790	clone_0	93	1
spot_2791	clone_0	93	3
spot_2792	clone_0	93	5
spot_2793	clone_0	93	7
spot_2794	clone_0	93	9
spot_2795	clone_0	93	11
spot_2796	clone_0	93	13
spot_2797	clone_0	93	15
spot_2798	clone_0	93	17
spot_2799	clone_0	93	19
spot_2800	clone_0	93	21
spot_2801	clone_0	93	23
spot_2802	clone_0	93	25
spot_2803	clone_0	93	27
spot_2804	clone_0	93	29
spot_2805	clone_0	93	31
spot_2806	clone_0	93	33
spot_2807	clone_0	93	35
spot_2808	clone_0	93	37
spot_2809	clone_0	93	39
spot_2810	clone_0	93	41
spot_2811	clone_0	93	43
spot_2812	clone_0	93	45
spot_2813	clone_0	93	47
spot_2814	clone_0	93	49
spot_2815	clone_0	93	51
spot_2816	clone_0	93	53
spot_2817	clone_0	93	55
spot_2818	clone_0	93	57
spot_2819	clone_0	93	59
spot_2820	clone_0	94	0
spot_2821	clone_0	94	2
spot_2822	clone_0	94	4
spot_2823	clone_0	94	6
spot_2824	clone_0	94	8
spot_2825	clone_0	94	10
spot_2826	clone_0	94	12
spot_2827	clone_0	94	14
spot_2828	clone_0	94	16
spot_2829	clone_0	94	18
spot_2830	clone_0	94	20
spot_2831	clone_0	94	22
spot_2832	clone_0	94	24
spot_2833	clone_0	94	26
spot_2834	clone_0	94	28
spot_2835	clone_0	94	30
spot_2836	clone_0	94	32
spot_2837	clone_0	94	34
spot_2838	clone_0	94	36
spot_2839	clone_0	94	38
spot_2840	clone_0	94	40
spot_2841	clone_0	94	42
spot_2842	clone_0	94	44
spot_2843	clone_0	94	46
spot_2844	clone_0	94	48
spot_2845	clone_0	94	50
spot_2846	clone_0	94	52
spot_2847	clone_0	94	54
spot_2848	clone_0	94	56
spot_2849	clone_0	94	58
spot_2850	clone_0	95	1
spot_2851	clone_0	95	3
spot_2852	clone_0	95	5
spot_2853	clone_0	95	7
spot_2854	clone_0	95	9
spot_2855	clone_0	95	11
spot_2856	clone_0	95	13
spot_2857	clone_0	95	15
spot_2858	clone_0	95	17
spot_2859	clone_0	95	19
spot_2860	clone_0	95	21
spot_2861	clone_0	95	23
spot_2862	clone_0	95	25
spot_2863	clone_0	95	27
spot_2864	clone_0	95	29
spot_2865	clone_0	95	31
spot_2866	clone_0	95	33
spot_2867	clone_0	95	35
spot_2868	clone_0	95	37
spot_2869	clone_0	95	39
spot_2870	clone_0	95	41
spot_2871	clone_0	95	43
spot_2872	clone_0	95	45
spot_2873	clone_0	95	47
spot_2874	clone_0	95	49
spot_2875	clone_0	95	51
spot_2876	clone_0	95	53
spot_2877	clone_0	95	55
spot_2878	clone_0	95	57
spot_2879	clone_0	95	59
spot_2880	clone_0	96	0
spot_2881	clone_0	96	2
spot_2882	clone_0	96	4
spot_2883	clone_0	96	6
spot_2884	clone_0	96	8
spot_2885	clone_0	96	10
spot_2886	clone_0	96	12
spot_2887	clone_0	96	14
spot_2888	clone_0	96	16
spot_2889	clone_0	96	18
spot_2890	clone_0	96	20
spot_2891	clone_0	96	22
spot_2892	clone_0	96	24
spot_2893	clone_0	96	26
spot_2894	clone_0	96	28
spot_2895	clone_0	96	30
spot_2896	clone_0	96	32
spot_2897	clone_0	96	34
spot_2898	clone_0	96	36
spot_2899	clone_0	96	38
spot_2900	clone_0	96	40
spot_2901	clone_0	96	42
spot_2902	clone_0	96	44
spot_2903	clone_0	96	46
spot_2904	clone_0	96	48
spot_2905	clone_0	96	50
spot_2906	clone_0	96	52
spot_2907	clone_0	96	54
spot_2908	clone_0	96	56
spot_2909	clone_0	96	58
spot_2910	clone_0	97	1
spot_2911	clone_0	97	3
spot_2912	clone_0	97	5
spot_2913	clone_0	97	7
spot_2914	clone_0	97	9
spot_2915	clone_0	97	11
spot_2916	clone_0	97	13
spot_2917	clone_0	97	15
spot_2918	clone_0	97	17
spot_2919	clone_0	97	19
spot_2920	clone_0	97	21
spot_2921	clone_0	97	23
spot_2922	clone_0	97	25
spot_2923	clone_0	97	27
spot_2924	clone_0	97	29
spot_2925	clone_0	97	31
spot_2926	clone_0	97	33
spot_2927	clone_0	97	35
spot_2928	clone_0	97	37
spot_2929	clone_0	97	39
spot_2930	clone_0	97	41
spot_2931	clone_0	97	43
spot_2932	clone_0	97	45
spot_2933	clone_0	97	47
spot_2934	clone_0	97	49
spot_2935	clone_0	97	51
spot_2936	clone_0	97	53
spot_2937	clone_0	97	55
spot_2938	clone_0	97	57
spot_2939	clone_0	97	59
spot_2940	clone_0	98	0
spot_2941	clone_0	98	2
spot_2942	clone_0	98	4
spot_2943	clone_0	98	6
spot_2944	clone_0	98	8
spot_2945	clone_0	98	10
spot_2946	clone_0	98	12
spot_2947	clone_0	98	14
spot_2948	clone_0	98	16
spot_2949	clone_0	98	18
spot_2950	clone_0	98	20
spot_2951	clone_0	98	22
spot_2952	clone_0	98	24
spot_2953	clone_0	98	26
spot_2954	clone_0	98	28
spot_2955	clone_0	98	30
spot_2956	clone_0	98	32
spot_2957	clone_0	98	34
spot_2958	clone_0	98	36
spot_2959	clone_0	98	38
spot_2960	clone_0	98	40
spot_2961	clone_0	98	42
spot_2962	clone_0	98	44
spot_2963	clone_0	98	46
spot_2964	clone_0	98	48
spot_2965	clone_0	98	50
spot_2966	clone_0	98	52
spot_2967	clone_0	98	54
spot_2968	clone_0	98	56
spot_2969	clone_0	98	58
spot_2970	clone_0	99	1
spot_2971	clone_0	99	3
spot_2972	clone_0	99	5
spot_2973	clone_0	99	7
spot_2974	clone_0	99	9
spot_2975	clone_0	99	11
spot_2976	clone_0	99	13
spot_2977	clone_0	99	15
spot_2978	clone_0	99	17
spot_2979	clone_0	99	19
spot_2980	clone_0	99	21
spot_2981	clone_0	99	23
spot_2982	clone_0	99	25
spot_2983	clone_0	99	27
spot_2984	clone_0	99	29
spot_2985	clone_0	99	31
spot_2986	clone_0	99	33
spot_2987	clone_0	99	35
spot_2988	clone_0	99	37
spot_2989	clone_0	99	39
spot_2990	clone_0	99	41
spot_2991	clone_0	99	43
spot_2992	clone_0	99	45
spot_2993	clone_0	99	47
spot_2994	clone_0	99	49
spot_2995	clone_0	99	51
spot_2996	clone_0	99	53
spot_2997	clone_0	99	55
spot_2998	clone_0	99	57
spot_2999	clone_0	99	59
