spot_0,1,0,0,0,0
spot_1,1,0,2,0,2
spot_2,1,0,4,0,4
spot_3,1,0,6,0,6
spot_4,1,0,8,0,8
spot_5,1,0,10,0,10
spot_6,1,0,12,0,12
spot_7,1,0,14,0,14
spot_8,1,0,16,0,16
spot_9,1,0,18,0,18
spot_10,1,0,20,0,20
spot_11,1,0,22,0,22
spot_12,1,0,24,0,24
spot_13,1,0,26,0,26
spot_14,1,0,28,0,28
spot_15,1,0,30,0,30
spot_16,1,0,32,0,32
spot_17,1,0,34,0,34
spot_18,1,0,36,0,36
spot_19,1,0,38,0,38
spot_20,1,0,40,0,40
spot_21,1,0,42,0,42
spot_22,1,0,44,0,44
spot_23,1,0,46,0,46
spot_24,1,0,48,0,48
spot_25,1,0,50,0,50
spot_26,1,0,52,0,52
spot_27,1,0,54,0,54
spot_28,1,0,56,0,56
spot_29,1,0,58,0,58
spot_30,1,1,1,1,1
spot_31,1,1,3,1,3
spot_32,1,1,5,1,5
spot_33,1,1,7,1,7
spot_34,1,1,9,1,9
spot_35,1,1,11,1,11
spot_36,1,1,13,1,13
spot_37,1,1,15,1,15
spot_38,1,1,17,1,17
spot_39,1,1,19,1,19
spot_40,1,1,21,1,21
spot_41,1,1,23,1,23
spot_42,1,1,25,1,25
spot_43,1,1,27,1,27
spot_44,1,1,29,1,29
spot_45,1,1,31,1,31
spot_46,1,1,33,1,33
spot_47,1,1,35,1,35
spot_48,1,1,37,1,37
spot_49,1,1,39,1,39
spot_50,1,1,41,1,41
spot_51,1,1,43,1,43
spot_52,1,1,45,1,45
spot_53,1,1,47,1,47
spot_54,1,1,49,1,49
spot_55,1,1,51,1,51
spot_56,1,1,53,1,53
spot_57,1,1,55,1,55
spot_58,1,1,57,1,57
spot_59,1,1,59,1,59
spot_60,1,2,0,2,0
spot_61,1,2,2,2,2
spot_62,1,2,4,2,4
spot_63,1,2,6,2,6
spot_64,1,2,8,2,8
spot_65,1,2,10,2,10
spot_66,1,2,12,2,12
spot_67,1,2,14,2,14
spot_68,1,2,16,2,16
spot_69,1,2,18,2,18
spot_70,1,2,20,2,20
spot_71,1,2,22,2,22
spot_72,1,2,24,2,24
spot_73,1,2,26,2,26
spot_74,1,2,28,2,28
spot_75,1,2,30,2,30
spot_76,1,2,32,2,32
spot_77,1,2,34,2,34
spot_78,1,2,36,2,36
spot_79,1,2,38,2,38
spot_80,1,2,40,2,40
spot_81,1,2,42,2,42
spot_82,1,2,44,2,44
spot_83,1,2,46,2,46
spot_84,1,2,48,2,48
spot_85,1,2,50,2,50
spot_86,1,2,52,2,52
spot_87,1,2,54,2,54
spot_88,1,2,56,2,56
spot_89,1,2,58,2,58
spot_90,1,3,1,3,1
spot_91,1,3,3,3,3
spot_92,1,3,5,3,5
spot_93,1,3,7,3,7
spot_94,1,3,9,3,9
spot_95,1,3,11,3,11
spot_96,1,3,13,3,13
spot_97,1,3,15,3,15
spot_98,1,3,17,3,17
spot_99,1,3,19,3,19
spot_100,1,3,21,3,21
spot_101,1,3,23,3,23
spot_102,1,3,25,3,25
spot_103,1,3,27,3,27
spot_104,1,3,29,3,29
spot_105,1,3,31,3,31
spot_106,1,3,33,3,33
spot_107,1,3,35,3,35
spot_108,1,3,37,3,37
spot_109,1,3,39,3,39
spot_110,1,3,41,3,41
spot_111,1,3,43,3,43
spot_112,1,3,45,3,45
spot_113,1,3,47,3,47
spot_114,1,3,49,3,49
spot_115,1,3,51,3,51
spot_116,1,3,53,3,53
spot_117,1,3,55,3,55
spot_118,1,3,57,3,57
spot_119,1,3,59,3,59
spot_120,1,4,0,4,0
spot_121,1,4,2,4,2
spot_122,1,4,4,4,4
spot_123,1,4,6,4,6
spot_124,1,4,8,4,8
spot_125,1,4,10,4,10
spot_126,1,4,12,4,12
spot_127,1,4,14,4,14
spot_128,1,4,16,4,16
spot_129,1,4,18,4,18
spot_130,1,4,20,4,20
spot_131,1,4,22,4,22
spot_132,1,4,24,4,24
spot_133,1,4,26,4,26
spot_134,1,4,28,4,28
spot_135,1,4,30,4,30
spot_136,1,4,32,4,32
spot_137,1,4,34,4,34
spot_138,1,4,36,4,36
spot_139,1,4,38,4,38
spot_140,1,4,40,4,40
spot_141,1,4,42,4,42
spot_142,1,4,44,4,44
spot_143,1,4,46,4,46
spot_144,1,4,48,4,48
spot_145,1,4,50,4,50
spot_146,1,4,52,4,52
spot_147,1,4,54,4,54
spot_148,1,4,56,4,56
spot_149,1,4,58,4,58
spot_150,1,5,1,5,1
spot_151,1,5,3,5,3
spot_152,1,5,5,5,5
spot_153,1,5,7,5,7
spot_154,1,5,9,5,9
spot_155,1,5,11,5,11
spot_156,1,5,13,5,13
spot_157,1,5,15,5,15
spot_158,1,5,17,5,17
spot_159,1,5,19,5,19
spot_160,1,5,21,5,21
spot_161,1,5,23,5,23
spot_162,1,5,25,5,25
spot_163,1,5,27,5,27
spot_164,1,5,29,5,29
spot_165,1,5,31,5,31
spot_166,1,5,33,5,33
spot_167,1,5,35,5,35
spot_168,1,5,37,5,37
spot_169,1,5,39,5,39
spot_170,1,5,41,5,41
spot_171,1,5,43,5,43
spot_172,1,5,45,5,45
spot_173,1,5,47,5,47
spot_174,1,5,49,5,49
spot_175,1,5,51,5,51
spot_176,1,5,53,5,53
spot_177,1,5,55,5,55
spot_178,1,5,57,5,57
spot_179,1,5,59,5,59
spot_180,1,6,0,6,0
spot_181,1,6,2,6,2
spot_182,1,6,4,6,4
spot_183,1,6,6,6,6
spot_184,1,6,8,6,8
spot_185,1,6,10,6,10
spot_186,1,6,12,6,12
spot_187,1,6,14,6,14
spot_188,1,6,16,6,16
spot_189,1,6,18,6,18
spot_190,1,6,20,6,20
spot_191,1,6,22,6,22
spot_192,1,6,24,6,24
spot_193,1,6,26,6,26
spot_194,1,6,28,6,28
spot_195,1,6,30,6,30
spot_196,1,6,32,6,32
spot_197,1,6,34,6,34
spot_198,1,6,36,6,36
spot_199,1,6,38,6,38
spot_200,1,6,40,6,40
spot_201,1,6,42,6,42
spot_202,1,6,44,6,44
spot_203,1,6,46,6,46
spot_204,1,6,48,6,48
spot_205,1,6,50,6,50
spot_206,1,6,52,6,52
spot_207,1,6,54,6,54
spot_208,1,6,56,6,56
spot_209,1,6,58,6,58
spot_210,1,7,1,7,1
spot_211,1,7,3,7,3
spot_212,1,7,5,7,5
spot_213,1,7,7,7,7
spot_214,1,7,9,7,9
spot_215,1,7,11,7,11
spot_216,1,7,13,7,13
spot_217,1,7,15,7,15
spot_218,1,7,17,7,17
spot_219,1,7,19,7,19
spot_220,1,7,21,7,21
spot_221,1,7,23,7,23
spot_222,1,7,25,7,25
spot_223,1,7,27,7,27
spot_224,1,7,29,7,29
spot_225,1,7,31,7,31
spot_226,1,7,33,7,33
spot_227,1,7,35,7,35
spot_228,1,7,37,7,37
spot_229,1,7,39,7,39
spot_230,1,7,41,7,41
spot_231,1,7,43,7,43
spot_232,1,7,45,7,45
spot_233,1,7,47,7,47
spot_234,1,7,49,7,49
spot_235,1,7,51,7,51
spot_236,1,7,53,7,53
spot_237,1,7,55,7,55
spot_238,1,7,57,7,57
spot_239,1,7,59,7,59
spot_240,1,8,0,8,0
spot_241,1,8,2,8,2
spot_242,1,8,4,8,4
spot_243,1,8,6,8,6
spot_244,1,8,8,8,8
spot_245,1,8,10,8,10
spot_246,1,8,12,8,12
spot_247,1,8,14,8,14
spot_248,1,8,16,8,16
spot_249,1,8,18,8,18
spot_250,1,8,20,8,20
spot_251,1,8,22,8,22
spot_252,1,8,24,8,24
spot_253,1,8,26,8,26
spot_254,1,8,28,8,28
spot_255,1,8,30,8,30
spot_256,1,8,32,8,32
spot_257,1,8,34,8,34
spot_258,1,8,36,8,36
spot_259,1,8,38,8,38
spot_260,1,8,40,8,40
spot_261,1,8,42,8,42
spot_262,1,8,44,8,44
spot_263,1,8,46,8,46
spot_264,1,8,48,8,48
spot_265,1,8,50,8,50
spot_266,1,8,52,8,52
spot_267,1,8,54,8,54
spot_268,1,8,56,8,56
spot_269,1,8,58,8,58
spot_270,1,9,1,9,1
spot_271,1,9,3,9,3
spot_272,1,9,5,9,5
spot_273,1,9,7,9,7
spot_274,1,9,9,9,9
spot_275,1,9,11,9,11
spot_276,1,9,13,9,13
spot_277,1,9,15,9,15
spot_278,1,9,17,9,17
spot_279,1,9,19,9,19
spot_280,1,9,21,9,21
spot_281,1,9,23,9,23
spot_282,1,9,25,9,25
spot_283,1,9,27,9,27
spot_284,1,9,29,9,29
spot_285,1,9,31,9,31
spot_286,1,9,33,9,33
spot_287,1,9,35,9,35
spot_288,1,9,37,9,37
spot_289,1,9,39,9,39
spot_290,1,9,41,9,41
spot_291,1,9,43,9,43
spot_292,1,9,45,9,45
spot_293,1,9,47,9,47
spot_294,1,9,49,9,49
spot_295,1,9,51,9,51
spot_296,1,9,53,9,53
spot_297,1,9,55,9,55
spot_298,1,9,57,9,57
spot_299,1,9,59,9,59
spot_300,1,10,0,10,0
spot_301,1,10,2,10,2
spot_302,1,10,4,10,4
spot_303,1,10,6,10,6
spot_304,1,10,8,10,8
spot_305,1,10,10,10,10
spot_306,1,10,12,10,12
spot_307,1,10,14,10,14
spot_308,1,10,16,10,16
spot_309,1,10,18,10,18
spot_310,1,10,20,10,20
spot_311,1,10,22,10,22
spot_312,1,10,24,10,24
spot_313,1,10,26,10,26
spot_314,1,10,28,10,28
spot_315,1,10,30,10,30
spot_316,1,10,32,10,32
spot_317,1,10,34,10,34
spot_318,1,10,36,10,36
spot_319,1,10,38,10,38
spot_320,1,10,40,10,40
spot_321,1,10,42,10,42
spot_322,1,10,44,10,44
spot_323,1,10,46,10,46
spot_324,1,10,48,10,48
spot_325,1,10,50,10,50
spot_326,1,10,52,10,52
spot_327,1,10,54,10,54
spot_328,1,10,56,10,56
spot_329,1,10,58,10,58
spot_330,1,11,1,11,1
spot_331,1,11,3,11,3
spot_332,1,11,5,11,5
spot_333,1,11,7,11,7
spot_334,1,11,9,11,9
spot_335,1,11,11,11,11
spot_336,1,11,13,11,13
spot_337,1,11,15,11,15
spot_338,1,11,17,11,17
spot_339,1,11,19,11,19
spot_340,1,11,21,11,21
spot_341,1,11,23,11,23
spot_342,1,11,25,11,25
spot_343,1,11,27,11,27
spot_344,1,11,29,11,29
spot_345,1,11,31,11,31
spot_346,1,11,33,11,33
spot_347,1,11,35,11,35
spot_348,1,11,37,11,37
spot_349,1,11,39,11,39
spot_350,1,11,41,11,41
spot_351,1,11,43,11,43
spot_352,1,11,45,11,45
spot_353,1,11,47,11,47
spot_354,1,11,49,11,49
spot_355,1,11,51,11,51
spot_356,1,11,53,11,53
spot_357,1,11,55,11,55
spot_358,1,11,57,11,57
spot_359,1,11,59,11,59
spot_360,1,12,0,12,0
spot_361,1,12,2,12,2
spot_362,1,12,4,12,4
spot_363,1,12,6,12,6
spot_364,1,12,8,12,8
spot_365,1,12,10,12,10
spot_366,1,12,12,12,12
spot_367,1,12,14,12,14
spot_368,1,12,16,12,16
spot_369,1,12,18,12,18
spot_370,1,12,20,12,20
spot_371,1,12,22,12,22
spot_372,1,12,24,12,24
spot_373,1,12,26,12,26
spot_374,1,12,28,12,28
spot_375,1,12,30,12,30
spot_376,1,12,32,12,32
spot_377,1,12,34,12,34
spot_378,1,12,36,12,36
spot_379,1,12,38,12,38
spot_380,1,12,40,12,40
spot_381,1,12,42,12,42
spot_382,1,12,44,12,44
spot_383,1,12,46,12,46
spot_384,1,12,48,12,48
spot_385,1,12,50,12,50
spot_386,1,12,52,12,52
spot_387,1,12,54,12,54
spot_388,1,12,56,12,56
spot_389,1,12,58,12,58
spot_390,1,13,1,13,1
spot_391,1,13,3,13,3
spot_392,1,13,5,13,5
spot_393,1,13,7,13,7
spot_394,1,13,9,13,9
spot_395,1,13,11,13,11
spot_396,1,13,13,13,13
spot_397,1,13,15,13,15
spot_398,1,13,17,13,17
spot_399,1,13,19,13,19
spot_400,1,13,21,13,21
spot_401,1,13,23,13,23
spot_402,1,13,25,13,25
spot_403,1,13,27,13,27
spot_404,1,13,29,13,29
spot_405,1,13,31,13,31
spot_406,1,13,33,13,33
spot_407,1,13,35,13,35
spot_408,1,13,37,13,37
spot_409,1,13,39,13,39
spot_410,1,13,41,13,41
spot_411,1,13,43,13,43
spot_412,1,13,45,13,45
spot_413,1,13,47,13,47
spot_414,1,13,49,13,49
spot_415,1,13,51,13,51
spot_416,1,13,53,13,53
spot_417,1,13,55,13,55
spot_418,1,13,57,13,57
spot_419,1,13,59,13,59
spot_420,1,14,0,14,0
spot_421,1,14,2,14,2
spot_422,1,14,4,14,4
spot_423,1,14,6,14,6
spot_424,1,14,8,14,8
spot_425,1,14,10,14,10
spot_426,1,14,12,14,12
spot_427,1,14,14,14,14
spot_428,1,14,16,14,16
spot_429,1,14,18,14,18
spot_430,1,14,20,14,20
spot_431,1,14,22,14,22
spot_432,1,14,24,14,24
spot_433,1,14,26,14,26
spot_434,1,14,28,14,28
spot_435,1,14,30,14,30
spot_436,1,14,32,14,32
spot_437,1,14,34,14,34
spot_438,1,14,36,14,36
spot_439,1,14,38,14,38
spot_440,1,14,40,14,40
spot_441,1,14,42,14,42
spot_442,1,14,44,14,44
spot_443,1,14,46,14,46
spot_444,1,14,48,14,48
spot_445,1,14,50,14,50
spot_446,1,14,52,14,52
spot_447,1,14,54,14,54
spot_448,1,14,56,14,56
spot_449,1,14,58,14,58
spot_450,1,15,1,15,1
spot_451,1,15,3,15,3
spot_452,1,15,5,15,5
spot_453,1,15,7,15,7
spot_454,1,15,9,15,9
spot_455,1,15,11,15,11
spot_456,1,15,13,15,13
spot_457,1,15,15,15,15
spot_458,1,15,17,15,17
spot_459,1,15,19,15,19
spot_460,1,15,21,15,21
spot_461,1,15,23,15,23
spot_462,1,15,25,15,25
spot_463,1,15,27,15,27
spot_464,1,15,29,15,29
spot_465,1,15,31,15,31
spot_466,1,15,33,15,33
spot_467,1,15,35,15,35
spot_468,1,15,37,15,37
spot_469,1,15,39,15,39
spot_470,1,15,41,15,41
spot_471,1,15,43,15,43
spot_472,1,15,45,15,45
spot_473,1,15,47,15,47
spot_474,1,15,49,15,49
spot_475,1,15,51,15,51
spot_476,1,15,53,15,53
spot_477,1,15,55,15,55
spot_478,1,15,57,15,57
spot_479,1,15,59,15,59
spot_480,1,16,0,16,0
spot_481,1,16,2,16,2
spot_482,1,16,4,16,4
spot_483,1,16,6,16,6
spot_484,1,16,8,16,8
spot_485,1,16,10,16,10
spot_486,1,16,12,16,12
spot_487,1,16,14,16,14
spot_488,1,16,16,16,16
spot_489,1,16,18,16,18
spot_490,1,16,20,16,20
spot_491,1,16,22,16,22
spot_492,1,16,24,16,24
spot_493,1,16,26,16,26
spot_494,1,16,28,16,28
spot_495,1,16,30,16,30
spot_496,1,16,32,16,32
spot_497,1,16,34,16,34
spot_498,1,16,36,16,36
spot_499,1,16,38,16,38
spot_500,1,16,40,16,40
spot_501,1,16,42,16,42
spot_502,1,16,44,16,44
spot_503,1,16,46,16,46
spot_504,1,16,48,16,48
spot_505,1,16,50,16,50
spot_506,1,16,52,16,52
spot_507,1,16,54,16,54
spot_508,1,16,56,16,56
spot_509,1,16,58,16,58
spot_510,1,17,1,17,1
spot_511,1,17,3,17,3
spot_512,1,17,5,17,5
spot_513,1,17,7,17,7
spot_514,1,17,9,17,9
spot_515,1,17,11,17,11
spot_516,1,17,13,17,13
spot_517,1,17,15,17,15
spot_518,1,17,17,17,17
spot_519,1,17,19,17,19
spot_520,1,17,21,17,21
spot_521,1,17,23,17,23
spot_522,1,17,25,17,25
spot_523,1,17,27,17,27
spot_524,1,17,29,17,29
spot_525,1,17,31,17,31
spot_526,1,17,33,17,33
spot_527,1,17,35,17,35
spot_528,1,17,37,17,37
spot_529,1,17,39,17,39
spot_530,1,17,41,17,41
spot_531,1,17,43,17,43
spot_532,1,17,45,17,45
spot_533,1,17,47,17,47
spot_534,1,17,49,17,49
spot_535,1,17,51,17,51
spot_536,1,17,53,17,53
spot_537,1,17,55,17,55
spot_538,1,17,57,17,57
spot_539,1,17,59,17,59
spot_540,1,18,0,18,0
spot_541,1,18,2,18,2
spot_542,1,18,4,18,4
spot_543,1,18,6,18,6
spot_544,1,18,8,18,8
spot_545,1,18,10,18,10
spot_546,1,18,12,18,12
spot_547,1,18,14,18,14
spot_548,1,18,16,18,16
spot_549,1,18,18,18,18
spot_550,1,18,20,18,20
spot_551,1,18,22,18,22
spot_552,1,18,24,18,24
spot_553,1,18,26,18,26
spot_554,1,18,28,18,28
spot_555,1,18,30,18,30
spot_556,1,18,32,18,32
spot_557,1,18,34,18,34
spot_558,1,18,36,18,36
spot_559,1,18,38,18,38
spot_560,1,18,40,18,40
spot_561,1,18,42,18,42
spot_562,1,18,44,18,44
spot_563,1,18,46,18,46
spot_564,1,18,48,18,48
spot_565,1,18,50,18,50
spot_566,1,18,52,18,52
spot_567,1,18,54,18,54
spot_568,1,18,56,18,56
spot_569,1,18,58,18,58
spot_570,1,19,1,19,1
spot_571,1,19,3,19,3
spot_572,1,19,5,19,5
spot_573,1,19,7,19,7
spot_574,1,19,9,19,9
spot_575,1,19,11,19,11
spot_576,1,19,13,19,13
spot_577,1,19,15,19,15
spot_578,1,19,17,19,17
spot_579,1,19,19,19,19
spot_580,1,19,21,19,21
spot_581,1,19,23,19,23
spot_582,1,19,25,19,25
spot_583,1,19,27,19,27
spot_584,1,19,29,19,29
spot_585,1,19,31,19,31
spot_586,1,19,33,19,33
spot_587,1,19,35,19,35
spot_588,1,19,37,19,37
spot_589,1,19,39,19,39
spot_590,1,19,41,19,41
spot_591,1,19,43,19,43
spot_592,1,19,45,19,45
spot_593,1,19,47,19,47
spot_594,1,19,49,19,49
spot_595,1,19,51,19,51
spot_596,1,19,53,19,53
spot_597,1,19,55,19,55
spot_598,1,19,57,19,57
spot_599,1,19,59,19,59
spot_600,1,20,0,20,0
spot_601,1,20,2,20,2
spot_602,1,20,4,20,4
spot_603,1,20,6,20,6
spot_604,1,20,8,20,8
spot_605,1,20,10,20,10
spot_606,1,20,12,20,12
spot_607,1,20,14,20,14
spot_608,1,20,16,20,16
spot_609,1,20,18,20,18
spot_610,1,20,20,20,20
spot_611,1,20,22,20,22
spot_612,1,20,24,20,24
spot_613,1,20,26,20,26
spot_614,1,20,28,20,28
spot_615,1,20,30,20,30
spot_616,1,20,32,20,32
spot_617,1,20,34,20,34
spot_618,1,20,36,20,36
spot_619,1,20,38,20,38
spot_620,1,20,40,20,40
spot_621,1,20,42,20,42
spot_622,1,20,44,20,44
spot_623,1,20,46,20,46
spot_624,1,20,48,20,48
spot_625,1,20,50,20,50
spot_626,1,20,52,20,52
spot_627,1,20,54,20,54
spot_628,1,20,56,20,56
spot_629,1,20,58,20,58
spot_630,1,21,1,21,1
spot_631,1,21,3,21,3
spot_632,1,21,5,21,5
spot_633,1,21,7,21,7
spot_634,1,21,9,21,9
spot_635,1,21,11,21,11
spot_636,1,21,13,21,13
spot_637,1,21,15,21,15
spot_638,1,21,17,21,17
spot_639,1,21,19,21,19
spot_640,1,21,21,21,21
spot_641,1,21,23,21,23
spot_642,1,21,25,21,25
spot_643,1,21,27,21,27
spot_644,1,21,29,21,29
spot_645,1,21,31,21,31
spot_646,1,21,33,21,33
spot_647,1,21,35,21,35
spot_648,1,21,37,21,37
spot_649,1,21,39,21,39
spot_650,1,21,41,21,41
spot_651,1,21,43,21,43
spot_652,1,21,45,21,45
spot_653,1,21,47,21,47
spot_654,1,21,49,21,49
spot_655,1,21,51,21,51
spot_656,1,21,53,21,53
spot_657,1,21,55,21,55
spot_658,1,21,57,21,57
spot_659,1,21,59,21,59
spot_660,1,22,0,22,0
spot_661,1,22,2,22,2
spot_662,1,22,4,22,4
spot_663,1,22,6,22,6
spot_664,1,22,8,22,8
spot_665,1,22,10,22,10
spot_666,1,22,12,22,12
spot_667,1,22,14,22,14
spot_668,1,22,16,22,16
spot_669,1,22,18,22,18
spot_670,1,22,20,22,20
spot_671,1,22,22,22,22
spot_672,1,22,24,22,24
spot_673,1,22,26,22,26
spot_674,1,22,28,22,28
spot_675,1,22,30,22,30
spot_676,1,22,32,22,32
spot_677,1,22,34,22,34
spot_678,1,22,36,22,36
spot_679,1,22,38,22,38
spot_680,1,22,40,22,40
spot_681,1,22,42,22,42
spot_682,1,22,44,22,44
spot_683,1,22,46,22,46
spot_684,1,22,48,22,48
spot_685,1,22,50,22,50
spot_686,1,22,52,22,52
spot_687,1,22,54,22,54
spot_688,1,22,56,22,56
spot_689,1,22,58,22,58
spot_690,1,23,1,23,1
spot_691,1,23,3,23,3
spot_692,1,23,5,23,5
spot_693,1,23,7,23,7
spot_694,1,23,9,23,9
spot_695,1,23,11,23,11
spot_696,1,23,13,23,13
spot_697,1,23,15,23,15
spot_698,1,23,17,23,17
spot_699,1,23,19,23,19
spot_700,1,23,21,23,21
spot_701,1,23,23,23,23
spot_702,1,23,25,23,25
spot_703,1,23,27,23,27
spot_704,1,23,29,23,29
spot_705,1,23,31,23,31
spot_706,1,23,33,23,33
spot_707,1,23,35,23,35
spot_708,1,23,37,23,37
spot_709,1,23,39,23,39
spot_710,1,23,41,23,41
spot_711,1,23,43,23,43
spot_712,1,23,45,23,45
spot_713,1,23,47,23,47
spot_714,1,23,49,23,49
spot_715,1,23,51,23,51
spot_716,1,23,53,23,53
spot_717,1,23,55,23,55
spot_718,1,23,57,23,57
spot_719,1,23,59,23,59
spot_720,1,24,0,24,0
spot_721,1,24,2,24,2
spot_722,1,24,4,24,4
spot_723,1,24,6,24,6
spot_724,1,24,8,24,8
spot_725,1,24,10,24,10
spot_726,1,24,12,24,12
spot_727,1,24,14,24,14
spot_728,1,24,16,24,16
spot_729,1,24,18,24,18
spot_730,1,24,20,24,20
spot_731,1,24,22,24,22
spot_732,1,24,24,24,24
spot_733,1,24,26,24,26
spot_734,1,24,28,24,28
spot_735,1,24,30,24,30
spot_736,1,24,32,24,32
spot_737,1,24,34,24,34
spot_738,1,24,36,24,36
spot_739,1,24,38,24,38
spot_740,1,24,40,24,40
spot_741,1,24,42,24,42
spot_742,1,24,44,24,44
spot_743,1,24,46,24,46
spot_744,1,24,48,24,48
spot_745,1,24,50,24,50
spot_746,1,24,52,24,52
spot_747,1,24,54,24,54
spot_748,1,24,56,24,56
spot_749,1,24,58,24,58
spot_750,1,25,1,25,1
spot_751,1,25,3,25,3
spot_752,1,25,5,25,5
spot_753,1,25,7,25,7
spot_754,1,25,9,25,9
spot_755,1,25,11,25,11
spot_756,1,25,13,25,13
spot_757,1,25,15,25,15
spot_758,1,25,17,25,17
spot_759,1,25,19,25,19
spot_760,1,25,21,25,21
spot_761,1,25,23,25,23
spot_762,1,25,25,25,25
spot_763,1,25,27,25,27
spot_764,1,25,29,25,29
spot_765,1,25,31,25,31
spot_766,1,25,33,25,33
spot_767,1,25,35,25,35
spot_768,1,25,37,25,37
spot_769,1,25,39,25,39
spot_770,1,25,41,25,41
spot_771,1,25,43,25,43
spot_772,1,25,45,25,45
spot_773,1,25,47,25,47
spot_774,1,25,49,25,49
spot_775,1,25,51,25,51
spot_776,1,25,53,25,53
spot_777,1,25,55,25,55
spot_778,1,25,57,25,57
spot_779,1,25,59,25,59
spot_780,1,26,0,26,0
spot_781,1,26,2,26,2
spot_782,1,26,4,26,4
spot_783,1,26,6,26,6
spot_784,1,26,8,26,8
spot_785,1,26,10,26,10
spot_786,1,26,12,26,12
spot_787,1,26,14,26,14
spot_788,1,26,16,26,16
spot_789,1,26,18,26,18
spot_790,1,26,20,26,20
spot_791,1,26,22,26,22
spot_792,1,26,24,26,24
spot_793,1,26,26,26,26
spot_794,1,26,28,26,28
spot_795,1,26,30,26,30
spot_796,1,26,32,26,32
spot_797,1,26,34,26,34
spot_798,1,26,36,26,36
spot_799,1,26,38,26,38
spot_800,1,26,40,26,40
spot_801,1,26,42,26,42
spot_802,1,26,44,26,44
spot_803,1,26,46,26,46
spot_804,1,26,48,26,48
spot_805,1,26,50,26,50
spot_806,1,26,52,26,52
spot_807,1,26,54,26,54
spot_808,1,26,56,26,56
spot_809,1,26,58,26,58
spot_810,1,27,1,27,1
spot_811,1,27,3,27,3
spot_812,1,27,5,27,5
spot_813,1,27,7,27,7
spot_814,1,27,9,27,9
spot_815,1,27,11,27,11
spot_816,1,27,13,27,13
spot_817,1,27,15,27,15
spot_818,1,27,17,27,17
spot_819,1,27,19,27,19
spot_820,1,27,21,27,21
spot_821,1,27,23,27,23
spot_822,1,27,25,27,25
spot_823,1,27,27,27,27
spot_824,1,27,29,27,29
spot_825,1,27,31,27,31
spot_826,1,27,33,27,33
spot_827,1,27,35,27,35
spot_828,1,27,37,27,37
spot_829,1,27,39,27,39
spot_830,1,27,41,27,41
spot_831,1,27,43,27,43
spot_832,1,27,45,27,45
spot_833,1,27,47,27,47
spot_834,1,27,49,27,49
spot_835,1,27,51,27,51
spot_836,1,27,53,27,53
spot_837,1,27,55,27,55
spot_838,1,27,57,27,57
spot_839,1,27,59,27,59
spot_840,1,28,0,28,0
spot_841,1,28,2,28,2
spot_842,1,28,4,28,4
spot_843,1,28,6,28,6
spot_844,1,28,8,28,8
spot_845,1,28,10,28,10
spot_846,1,28,12,28,12
spot_847,1,28,14,28,14
spot_848,1,28,16,28,16
spot_849,1,28,18,28,18
spot_850,1,28,20,28,20
spot_851,1,28,22,28,22
spot_852,1,28,24,28,24
spot_853,1,28,26,28,26
spot_854,1,28,28,28,28
spot_855,1,28,30,28,30
spot_856,1,28,32,28,32
spot_857,1,28,34,28,34
spot_858,1,28,36,28,36
spot_859,1,28,38,28,38
spot_860,1,28,40,28,40
spot_861,1,28,42,28,42
spot_862,1,28,44,28,44
spot_863,1,28,46,28,46
spot_864,1,28,48,28,48
spot_865,1,28,50,28,50
spot_866,1,28,52,28,52
spot_867,1,28,54,28,54
spot_868,1,28,56,28,56
spot_869,1,28,58,28,58
spot_870,1,29,1,29,1
spot_871,1,29,3,29,3
spot_872,1,29,5,29,5
spot_873,1,29,7,29,7
spot_874,1,29,9,29,9
spot_875,1,29,11,29,11
spot_876,1,29,13,29,13
spot_877,1,29,15,29,15
spot_878,1,29,17,29,17
spot_879,1,29,19,29,19
spot_880,1,29,21,29,21
spot_881,1,29,23,29,23
spot_882,1,29,25,29,25
spot_883,1,29,27,29,27
spot_884,1,29,29,29,29
spot_885,1,29,31,29,31
spot_886,1,29,33,29,33
spot_887,1,29,35,29,35
spot_888,1,29,37,29,37
spot_889,1,29,39,29,39
spot_890,1,29,41,29,41
spot_891,1,29,43,29,43
spot_892,1,29,45,29,45
spot_893,1,29,47,29,47
spot_894,1,29,49,29,49
spot_895,1,29,51,29,51
spot_896,1,29,53,29,53
spot_897,1,29,55,29,55
spot_898,1,29,57,29,57
spot_899,1,29,59,29,59
spot_900,1,30,0,30,0
spot_901,1,30,2,30,2
spot_902,1,30,4,30,4
spot_903,1,30,6,30,6
spot_904,1,30,8,30,8
spot_905,1,30,10,30,10
spot_906,1,30,12,30,12
spot_907,1,30,14,30,14
spot_908,1,30,16,30,16
spot_909,1,30,18,30,18
spot_910,1,30,20,30,20
spot_911,1,30,22,30,22
spot_912,1,30,24,30,24
spot_913,1,30,26,30,26
spot_914,1,30,28,30,28
spot_915,1,30,30,30,30
spot_916,1,30,32,30,32
spot_917,1,30,34,30,34
spot_918,1,30,36,30,36
spot_919,1,30,38,30,38
spot_920,1,30,40,30,40
spot_921,1,30,42,30,42
spot_922,1,30,44,30,44
spot_923,1,30,46,30,46
spot_924,1,30,48,30,48
spot_925,1,30,50,30,50
spot_926,1,30,52,30,52
spot_927,1,30,54,30,54
spot_928,1,30,56,30,56
spot_929,1,30,58,30,58
spot_930,1,31,1,31,1
spot_931,1,31,3,31,3
spot_932,1,31,5,31,5
spot_933,1,31,7,31,7
spot_934,1,31,9,31,9
spot_935,1,31,11,31,11
spot_936,1,31,13,31,13
spot_937,1,31,15,31,15
spot_938,1,31,17,31,17
spot_939,1,31,19,31,19
spot_940,1,31,21,31,21
spot_941,1,31,23,31,23
spot_942,1,31,25,31,25
spot_943,1,31,27,31,27
spot_944,1,31,29,31,29
spot_945,1,31,31,31,31
spot_946,1,31,33,31,33
spot_947,1,31,35,31,35
spot_948,1,31,37,31,37
spot_949,1,31,39,31,39
spot_950,1,31,41,31,41
spot_951,1,31,43,31,43
spot_952,1,31,45,31,45
spot_953,1,31,47,31,47
spot_954,1,31,49,31,49
spot_955,1,31,51,31,51
spot_956,1,31,53,31,53
spot_957,1,31,55,31,55
spot_958,1,31,57,31,57
spot_959,1,31,59,31,59
spot_960,1,32,0,32,0
spot_961,1,32,2,32,2
spot_962,1,32,4,32,4
spot_963,1,32,6,32,6
spot_964,1,32,8,32,8
spot_965,1,32,10,32,10
spot_966,1,32,12,32,12
spot_967,1,32,14,32,14
spot_968,1,32,16,32,16
spot_969,1,32,18,32,18
spot_970,1,32,20,32,20
spot_971,1,32,22,32,22
spot_972,1,32,24,32,24
spot_973,1,32,26,32,26
spot_974,1,32,28,32,28
spot_975,1,32,30,32,30
spot_976,1,32,32,32,32
spot_977,1,32,34,32,34
spot_978,1,32,36,32,36
spot_979,1,32,38,32,38
spot_980,1,32,40,32,40
spot_981,1,32,42,32,42
spot_982,1,32,44,32,44
spot_983,1,32,46,32,46
spot_984,1,32,48,32,48
spot_985,1,32,50,32,50
spot_986,1,32,52,32,52
spot_987,1,32,54,32,54
spot_988,1,32,56,32,56
spot_989,1,32,58,32,58
spot_990,1,33,1,33,1
spot_991,1,33,3,33,3
spot_992,1,33,5,33,5
spot_993,1,33,7,33,7
spot_994,1,33,9,33,9
spot_995,1,33,11,33,11
spot_996,1,33,13,33,13
spot_997,1,33,15,33,15
spot_998,1,33,17,33,17
spot_999,1,33,19,33,19
spot_1000,1,33,21,33,21
spot_1001,1,33,23,33,23
spot_1002,1,33,25,33,25
spot_1003,1,33,27,33,27
spot_1004,1,33,29,33,29
spot_1005,1,33,31,33,31
spot_1006,1,33,33,33,33
spot_1007,1,33,35,33,35
spot_1008,1,33,37,33,37
spot_1009,1,33,39,33,39
spot_1010,1,33,41,33,41
spot_1011,1,33,43,33,43
spot_1012,1,33,45,33,45
spot_1013,1,33,47,33,47
spot_1014,1,33,49,33,49
spot_1015,1,33,51,33,51
spot_1016,1,33,53,33,53
spot_1017,1,33,55,33,55
spot_1018,1,33,57,33,57
spot_1019,1,33,59,33,59
spot_1020,1,34,0,34,0
spot_1021,1,34,2,34,2
spot_1022,1,34,4,34,4
spot_1023,1,34,6,34,6
spot_1024,1,34,8,34,8
spot_1025,1,34,10,34,10
spot_1026,1,34,12,34,12
spot_1027,1,34,14,34,14
spot_1028,1,34,16,34,16
spot_1029,1,34,18,34,18
spot_1030,1,34,20,34,20
spot_1031,1,34,22,34,22
spot_1032,1,34,24,34,24
spot_1033,1,34,26,34,26
spot_1034,1,34,28,34,28
spot_1035,1,34,30,34,30
spot_1036,1,34,32,34,32
spot_1037,1,34,34,34,34
spot_1038,1,34,36,34,36
spot_1039,1,34,38,34,38
spot_1040,1,34,40,34,40
spot_1041,1,34,42,34,42
spot_1042,1,34,44,34,44
spot_1043,1,34,46,34,46
spot_1044,1,34,48,34,48
spot_1045,1,34,50,34,50
spot_1046,1,34,52,34,52
spot_1047,1,34,54,34,54
spot_1048,1,34,56,34,56
spot_1049,1,34,58,34,58
spot_1050,1,35,1,35,1
spot_1051,1,35,3,35,3
spot_1052,1,35,5,35,5
spot_1053,1,35,7,35,7
spot_1054,1,35,9,35,9
spot_1055,1,35,11,35,11
spot_1056,1,35,13,35,13
spot_1057,1,35,15,35,15
spot_1058,1,35,17,35,17
spot_1059,1,35,19,35,19
spot_1060,1,35,21,35,21
spot_1061,1,35,23,35,23
spot_1062,1,35,25,35,25
spot_1063,1,35,27,35,27
spot_1064,1,35,29,35,29
spot_1065,1,35,31,35,31
spot_1066,1,35,33,35,33
spot_1067,1,35,35,35,35
spot_1068,1,35,37,35,37
spot_1069,1,35,39,35,39
spot_1070,1,35,41,35,41
spot_1071,1,35,43,35,43
spot_1072,1,35,45,35,45
spot_1073,1,35,47,35,47
spot_1074,1,35,49,35,49
spot_1075,1,35,51,35,51
spot_1076,1,35,53,35,53
spot_1077,1,35,55,35,55
spot_1078,1,35,57,35,57
spot_1079,1,35,59,35,59
spot_1080,1,36,0,36,0
spot_1081,1,36,2,36,2
spot_1082,1,36,4,36,4
spot_1083,1,36,6,36,6
spot_1084,1,36,8,36,8
spot_1085,1,36,10,36,10
spot_1086,1,36,12,36,12
spot_1087,1,36,14,36,14
spot_1088,1,36,16,36,16
spot_1089,1,36,18,36,18
spot_1090,1,36,20,36,20
spot_1091,1,36,22,36,22
spot_1092,1,36,24,36,24
spot_1093,1,36,26,36,26
spot_1094,1,36,28,36,28
spot_1095,1,36,30,36,30
spot_1096,1,36,32,36,32
spot_1097,1,36,34,36,34
spot_1098,1,36,36,36,36
spot_1099,1,36,38,36,38
spot_1100,1,36,40,36,40
spot_1101,1,36,42,36,42
spot_1102,1,36,44,36,44
spot_1103,1,36,46,36,46
spot_1104,1,36,48,36,48
spot_1105,1,36,50,36,50
spot_1106,1,36,52,36,52
spot_1107,1,36,54,36,54
spot_1108,1,36,56,36,56
spot_1109,1,36,58,36,58
spot_1110,1,37,1,37,1
spot_1111,1,37,3,37,3
spot_1112,1,37,5,37,5
spot_1113,1,37,7,37,7
spot_1114,1,37,9,37,9
spot_1115,1,37,11,37,11
spot_1116,1,37,13,37,13
spot_1117,1,37,15,37,15
spot_1118,1,37,17,37,17
spot_1119,1,37,19,37,19
spot_1120,1,37,21,37,21
spot_1121,1,37,23,37,23
spot_1122,1,37,25,37,25
spot_1123,1,37,27,37,27
spot_1124,1,37,29,37,29
spot_1125,1,37,31,37,31
spot_1126,1,37,33,37,33
spot_1127,1,37,35,37,35
spot_1128,1,37,37,37,37
spot_1129,1,37,39,37,39
spot_1130,1,37,41,37,41
spot_1131,1,37,43,37,43
spot_1132,1,37,45,37,45
spot_1133,1,37,47,37,47
spot_1134,1,37,49,37,49
spot_1135,1,37,51,37,51
spot_1136,1,37,53,37,53
spot_1137,1,37,55,37,55
spot_1138,1,37,57,37,57
spot_1139,1,37,59,37,59
spot_1140,1,38,0,38,0
spot_1141,1,38,2,38,2
spot_1142,1,38,4,38,4
spot_1143,1,38,6,38,6
spot_1144,1,38,8,38,8
spot_1145,1,38,10,38,10
spot_1146,1,38,12,38,12
spot_1147,1,38,14,38,14
spot_1148,1,38,16,38,16
spot_1149,1,38,18,38,18
spot_1150,1,38,20,38,20
spot_1151,1,38,22,38,22
spot_1152,1,38,24,38,24
spot_1153,1,38,26,38,26
spot_1154,1,38,28,38,28
spot_1155,1,38,30,38,30
spot_1156,1,38,32,38,32
spot_1157,1,38,34,38,34
spot_1158,1,38,36,38,36
spot_1159,1,38,38,38,38
spot_1160,1,38,40,38,40
spot_1161,1,38,42,38,42
spot_1162,1,38,44,38,44
spot_1163,1,38,46,38,46
spot_1164,1,38,48,38,48
spot_1165,1,38,50,38,50
spot_1166,1,38,52,38,52
spot_1167,1,38,54,38,54
spot_1168,1,38,56,38,56
spot_1169,1,38,58,38,58
spot_1170,1,39,1,39,1
spot_1171,1,39,3,39,3
spot_1172,1,39,5,39,5
spot_1173,1,39,7,39,7
spot_1174,1,39,9,39,9
spot_1175,1,39,11,39,11
spot_1176,1,39,13,39,13
spot_1177,1,39,15,39,15
spot_1178,1,39,17,39,17
spot_1179,1,39,19,39,19
spot_1180,1,39,21,39,21
spot_1181,1,39,23,39,23
spot_1182,1,39,25,39,25
spot_1183,1,39,27,39,27
spot_1184,1,39,29,39,29
spot_1185,1,39,31,39,31
spot_1186,1,39,33,39,33
spot_1187,1,39,35,39,35
spot_1188,1,39,37,39,37
spot_1189,1,39,39,39,39
spot_1190,1,39,41,39,41
spot_1191,1,39,43,39,43
spot_1192,1,39,45,39,45
spot_1193,1,39,47,39,47
spot_1194,1,39,49,39,49
spot_1195,1,39,51,39,51
spot_1196,1,39,53,39,53
spot_1197,1,39,55,39,55
spot_1198,1,39,57,39,57
spot_1199,1,39,59,39,59
spot_1200,1,40,0,40,0
spot_1201,1,40,2,40,2
spot_1202,1,40,4,40,4
spot_1203,1,40,6,40,6
spot_1204,1,40,8,40,8
spot_1205,1,40,10,40,10
spot_1206,1,40,12,40,12
spot_1207,1,40,14,40,14
spot_1208,1,40,16,40,16
spot_1209,1,40,18,40,18
spot_1210,1,40,20,40,20
spot_1211,1,40,22,40,22
spot_1212,1,40,24,40,24
spot_1213,1,40,26,40,26
spot_1214,1,40,28,40,28
spot_1215,1,40,30,40,30
spot_1216,1,40,32,40,32
spot_1217,1,40,34,40,34
spot_1218,1,40,36,40,36
spot_1219,1,40,38,40,38
spot_1220,1,40,40,40,40
spot_1221,1,40,42,40,42
spot_1222,1,40,44,40,44
spot_1223,1,40,46,40,46
spot_1224,1,40,48,40,48
spot_1225,1,40,50,40,50
spot_1226,1,40,52,40,52
spot_1227,1,40,54,40,54
spot_1228,1,40,56,40,56
spot_1229,1,40,58,40,58
spot_1230,1,41,1,41,1
spot_1231,1,41,3,41,3
spot_1232,1,41,5,41,5
spot_1233,1,41,7,41,7
spot_1234,1,41,9,41,9
spot_1235,1,41,11,41,11
spot_1236,1,41,13,41,13
spot_1237,1,41,15,41,15
spot_1238,1,41,17,41,17
spot_1239,1,41,19,41,19
spot_1240,1,41,21,41,21
spot_1241,1,41,23,41,23
spot_1242,1,41,25,41,25
spot_1243,1,41,27,41,27
spot_1244,1,41,29,41,29
spot_1245,1,41,31,41,31
spot_1246,1,41,33,41,33
spot_1247,1,41,35,41,35
spot_1248,1,41,37,41,37
spot_1249,1,41,39,41,39
spot_1250,1,41,41,41,41
spot_1251,1,41,43,41,43
spot_1252,1,41,45,41,45
spot_1253,1,41,47,41,47
spot_1254,1,41,49,41,49
spot_1255,1,41,51,41,51
spot_1256,1,41,53,41,53
spot_1257,1,41,55,41,55
spot_1258,1,41,57,41,57
spot_1259,1,41,59,41,59
spot_1260,1,42,0,42,0
spot_1261,1,42,2,42,2
spot_1262,1,42,4,42,4
spot_1263,1,42,6,42,6
spot_1264,1,42,8,42,8
spot_1265,1,42,10,42,10
spot_1266,1,42,12,42,12
spot_1267,1,42,14,42,14
spot_1268,1,42,16,42,16
spot_1269,1,42,18,42,18
spot_1270,1,42,20,42,20
spot_1271,1,42,22,42,22
spot_1272,1,42,24,42,24
spot_1273,1,42,26,42,26
spot_1274,1,42,28,42,28
spot_1275,1,42,30,42,30
spot_1276,1,42,32,42,32
spot_1277,1,42,34,42,34
spot_1278,1,42,36,42,36
spot_1279,1,42,38,42,38
spot_1280,1,42,40,42,40
spot_1281,1,42,42,42,42
spot_1282,1,42,44,42,44
spot_1283,1,42,46,42,46
spot_1284,1,42,48,42,48
spot_1285,1,42,50,42,50
spot_1286,1,42,52,42,52
spot_1287,1,42,54,42,54
spot_1288,1,42,56,42,56
spot_1289,1,42,58,42,58
spot_1290,1,43,1,43,1
spot_1291,1,43,3,43,3
spot_1292,1,43,5,43,5
spot_1293,1,43,7,43,7
spot_1294,1,43,9,43,9
spot_1295,1,43,11,43,11
spot_1296,1,43,13,43,13
spot_1297,1,43,15,43,15
spot_1298,1,43,17,43,17
spot_1299,1,43,19,43,19
spot_1300,1,43,21,43,21
spot_1301,1,43,23,43,23
spot_1302,1,43,25,43,25
spot_1303,1,43,27,43,27
spot_1304,1,43,29,43,29
spot_1305,1,43,31,43,31
spot_1306,1,43,33,43,33
spot_1307,1,43,35,43,35
spot_1308,1,43,37,43,37
spot_1309,1,43,39,43,39
spot_1310,1,43,41,43,41
spot_1311,1,43,43,43,43
spot_1312,1,43,45,43,45
spot_1313,1,43,47,43,47
spot_1314,1,43,49,43,49
spot_1315,1,43,51,43,51
spot_1316,1,43,53,43,53
spot_1317,1,43,55,43,55
spot_1318,1,43,57,43,57
spot_1319,1,43,59,43,59
spot_1320,1,44,0,44,0
spot_1321,1,44,2,44,2
spot_1322,1,44,4,44,4
spot_1323,1,44,6,44,6
spot_1324,1,44,8,44,8
spot_1325,1,44,10,44,10
spot_1326,1,44,12,44,12
spot_1327,1,44,14,44,14
spot_1328,1,44,16,44,16
spot_1329,1,44,18,44,18
spot_1330,1,44,20,44,20
spot_1331,1,44,22,44,22
spot_1332,1,44,24,44,24
spot_1333,1,44,26,44,26
spot_1334,1,44,28,44,28
spot_1335,1,44,30,44,30
spot_1336,1,44,32,44,32
spot_1337,1,44,34,44,34
spot_1338,1,44,36,44,36
spot_1339,1,44,38,44,38
spot_1340,1,44,40,44,40
spot_1341,1,44,42,44,42
spot_1342,1,44,44,44,44
spot_1343,1,44,46,44,46
spot_1344,1,44,48,44,48
spot_1345,1,44,50,44,50
spot_1346,1,44,52,44,52
spot_1347,1,44,54,44,54
spot_1348,1,44,56,44,56
spot_1349,1,44,58,44,58
spot_1350,1,45,1,45,1
spot_1351,1,45,3,45,3
spot_1352,1,45,5,45,5
spot_1353,1,45,7,45,7
spot_1354,1,45,9,45,9
spot_1355,1,45,11,45,11
spot_1356,1,45,13,45,13
spot_1357,1,45,15,45,15
spot_1358,1,45,17,45,17
spot_1359,1,45,19,45,19
spot_1360,1,45,21,45,21
spot_1361,1,45,23,45,23
spot_1362,1,45,25,45,25
spot_1363,1,45,27,45,27
spot_1364,1,45,29,45,29
spot_1365,1,45,31,45,31
spot_1366,1,45,33,45,33
spot_1367,1,45,35,45,35
spot_1368,1,45,37,45,37
spot_1369,1,45,39,45,39
spot_1370,1,45,41,45,41
spot_1371,1,45,43,45,43
spot_1372,1,45,45,45,45
spot_1373,1,45,47,45,47
spot_1374,1,45,49,45,49
spot_1375,1,45,51,45,51
spot_1376,1,45,53,45,53
spot_1377,1,45,55,45,55
spot_1378,1,45,57,45,57
spot_1379,1,45,59,45,59
spot_1380,1,46,0,46,0
spot_1381,1,46,2,46,2
spot_1382,1,46,4,46,4
spot_1383,1,46,6,46,6
spot_1384,1,46,8,46,8
spot_1385,1,46,10,46,10
spot_1386,1,46,12,46,12
spot_1387,1,46,14,46,14
spot_1388,1,46,16,46,16
spot_1389,1,46,18,46,18
spot_1390,1,46,20,46,20
spot_1391,1,46,22,46,22
spot_1392,1,46,24,46,24
spot_1393,1,46,26,46,26
spot_1394,1,46,28,46,28
spot_1395,1,46,30,46,30
spot_1396,1,46,32,46,32
spot_1397,1,46,34,46,34
spot_1398,1,46,36,46,36
spot_1399,1,46,38,46,38
spot_1400,1,46,40,46,40
spot_1401,1,46,42,46,42
spot_1402,1,46,44,46,44
spot_1403,1,46,46,46,46
spot_1404,1,46,48,46,48
spot_1405,1,46,50,46,50
spot_1406,1,46,52,46,52
spot_1407,1,46,54,46,54
spot_1408,1,46,56,46,56
spot_1409,1,46,58,46,58
spot_1410,1,47,1,47,1
spot_1411,1,47,3,47,3
spot_1412,1,47,5,47,5
spot_1413,1,47,7,47,7
spot_1414,1,47,9,47,9
spot_1415,1,47,11,47,11
spot_1416,1,47,13,47,13
spot_1417,1,47,15,47,15
spot_1418,1,47,17,47,17
spot_1419,1,47,19,47,19
spot_1420,1,47,21,47,21
spot_1421,1,47,23,47,23
spot_1422,1,47,25,47,25
spot_1423,1,47,27,47,27
spot_1424,1,47,29,47,29
spot_1425,1,47,31,47,31
spot_1426,1,47,33,47,33
spot_1427,1,47,35,47,35
spot_1428,1,47,37,47,37
spot_1429,1,47,39,47,39
spot_1430,1,47,41,47,41
spot_1431,1,47,43,47,43
spot_1432,1,47,45,47,45
spot_1433,1,47,47,47,47
spot_1434,1,47,49,47,49
spot_1435,1,47,51,47,51
spot_1436,1,47,53,47,53
spot_1437,1,47,55,47,55
spot_1438,1,47,57,47,57
spot_1439,1,47,59,47,59
spot_1440,1,48,0,48,0
spot_1441,1,48,2,48,2
spot_1442,1,48,4,48,4
spot_1443,1,48,6,48,6
spot_1444,1,48,8,48,8
spot_1445,1,48,10,48,10
spot_1446,1,48,12,48,12
spot_1447,1,48,14,48,14
spot_1448,1,48,16,48,16
spot_1449,1,48,18,48,18
spot_1450,1,48,20,48,20
spot_1451,1,48,22,48,22
spot_1452,1,48,24,48,24
spot_1453,1,48,26,48,26
spot_1454,1,48,28,48,28
spot_1455,1,48,30,48,30
spot_1456,1,48,32,48,32
spot_1457,1,48,34,48,34
spot_1458,1,48,36,48,36
spot_1459,1,48,38,48,38
spot_1460,1,48,40,48,40
spot_1461,1,48,42,48,42
spot_1462,1,48,44,48,44
spot_1463,1,48,46,48,46
spot_1464,1,48,48,48,48
spot_1465,1,48,50,48,50
spot_1466,1,48,52,48,52
spot_1467,1,48,54,48,54
spot_1468,1,48,56,48,56
spot_1469,1,48,58,48,58
spot_1470,1,49,1,49,1
spot_1471,1,49,3,49,3
spot_1472,1,49,5,49,5
spot_1473,1,49,7,49,7
spot_1474,1,49,9,49,9
spot_1475,1,49,11,49,11
spot_1476,1,49,13,49,13
spot_1477,1,49,15,49,15
spot_1478,1,49,17,49,17
spot_1479,1,49,19,49,19
spot_1480,1,49,21,49,21
spot_1481,1,49,23,49,23
spot_1482,1,49,25,49,25
spot_1483,1,49,27,49,27
spot_1484,1,49,29,49,29
spot_1485,1,49,31,49,31
spot_1486,1,49,33,49,33
spot_1487,1,49,35,49,35
spot_1488,1,49,37,49,37
spot_1489,1,49,39,49,39
spot_1490,1,49,41,49,41
spot_1491,1,49,43,49,43
spot_1492,1,49,45,49,45
spot_1493,1,49,47,49,47
spot_1494,1,49,49,49,49
spot_1495,1,49,51,49,51
spot_1496,1,49,53,49,53
spot_1497,1,49,55,49,55
spot_1498,1,49,57,49,57
spot_1499,1,49,59,49,59
spot_1500,1,50,0,50,0
spot_1501,1,50,2,50,2
spot_1502,1,50,4,50,4
spot_1503,1,50,6,50,6
spot_1504,1,50,8,50,8
spot_1505,1,50,10,50,10
spot_1506,1,50,12,50,12
spot_1507,1,50,14,50,14
spot_1508,1,50,16,50,16
spot_1509,1,50,18,50,18
spot_1510,1,50,20,50,20
spot_1511,1,50,22,50,22
spot_1512,1,50,24,50,24
spot_1513,1,50,26,50,26
spot_1514,1,50,28,50,28
spot_1515,1,50,30,50,30
spot_1516,1,50,32,50,32
spot_1517,1,50,34,50,34
spot_1518,1,50,36,50,36
spot_1519,1,50,38,50,38
spot_1520,1,50,40,50,40
spot_1521,1,50,42,50,42
spot_1522,1,50,44,50,44
spot_1523,1,50,46,50,46
spot_1524,1,50,48,50,48
spot_1525,1,50,50,50,50
spot_1526,1,50,52,50,52
spot_1527,1,50,54,50,54
spot_1528,1,50,56,50,56
spot_1529,1,50,58,50,58
spot_1530,1,51,1,51,1
spot_1531,1,51,3,51,3
spot_1532,1,51,5,51,5
spot_1533,1,51,7,51,7
spot_1534,1,51,9,51,9
spot_1535,1,51,11,51,11
spot_1536,1,51,13,51,13
spot_1537,1,51,15,51,15
spot_1538,1,51,17,51,17
spot_1539,1,51,19,51,19
spot_1540,1,51,21,51,21
spot_1541,1,51,23,51,23
spot_1542,1,51,25,51,25
spot_1543,1,51,27,51,27
spot_1544,1,51,29,51,29
spot_1545,1,51,31,51,31
spot_1546,1,51,33,51,33
spot_1547,1,51,35,51,35
spot_1548,1,51,37,51,37
spot_1549,1,51,39,51,39
spot_1550,1,51,41,51,41
spot_1551,1,51,43,51,43
spot_1552,1,51,45,51,45
spot_1553,1,51,47,51,47
spot_1554,1,51,49,51,49
spot_1555,1,51,51,51,51
spot_1556,1,51,53,51,53
spot_1557,1,51,55,51,55
spot_1558,1,51,57,51,57
spot_1559,1,51,59,51,59
spot_1560,1,52,0,52,0
spot_1561,1,52,2,52,2
spot_1562,1,52,4,52,4
spot_1563,1,52,6,52,6
spot_1564,1,52,8,52,8
spot_1565,1,52,10,52,10
spot_1566,1,52,12,52,12
spot_1567,1,52,14,52,14
spot_1568,1,52,16,52,16
spot_1569,1,52,18,52,18
spot_1570,1,52,20,52,20
spot_1571,1,52,22,52,22
spot_1572,1,52,24,52,24
spot_1573,1,52,26,52,26
spot_1574,1,52,28,52,28
spot_1575,1,52,30,52,30
spot_1576,1,52,32,52,32
spot_1577,1,52,34,52,34
spot_1578,1,52,36,52,36
spot_1579,1,52,38,52,38
spot_1580,1,52,40,52,40
spot_1581,1,52,42,52,42
spot_1582,1,52,44,52,44
spot_1583,1,52,46,52,46
spot_1584,1,52,48,52,48
spot_1585,1,52,50,52,50
spot_1586,1,52,52,52,52
spot_1587,1,52,54,52,54
spot_1588,1,52,56,52,56
spot_1589,1,52,58,52,58
spot_1590,1,53,1,53,1
spot_1591,1,53,3,53,3
spot_1592,1,53,5,53,5
spot_1593,1,53,7,53,7
spot_1594,1,53,9,53,9
spot_1595,1,53,11,53,11
spot_1596,1,53,13,53,13
spot_1597,1,53,15,53,15
spot_1598,1,53,17,53,17
spot_1599,1,53,19,53,19
spot_1600,1,53,21,53,21
spot_1601,1,53,23,53,23
spot_1602,1,53,25,53,25
spot_1603,1,53,27,53,27
spot_1604,1,53,29,53,29
spot_1605,1,53,31,53,31
spot_1606,1,53,33,53,33
spot_1607,1,53,35,53,35
spot_1608,1,53,37,53,37
spot_1609,1,53,39,53,39
spot_1610,1,53,41,53,41
spot_1611,1,53,43,53,43
spot_1612,1,53,45,53,45
spot_1613,1,53,47,53,47
spot_1614,1,53,49,53,49
spot_1615,1,53,51,53,51
spot_1616,1,53,53,53,53
spot_1617,1,53,55,53,55
spot_1618,1,53,57,53,57
spot_1619,1,53,59,53,59
spot_1620,1,54,0,54,0
spot_1621,1,54,2,54,2
spot_1622,1,54,4,54,4
spot_1623,1,54,6,54,6
spot_1624,1,54,8,54,8
spot_1625,1,54,10,54,10
spot_1626,1,54,12,54,12
spot_1627,1,54,14,54,14
spot_1628,1,54,16,54,16
spot_1629,1,54,18,54,18
spot_1630,1,54,20,54,20
spot_1631,1,54,22,54,22
spot_1632,1,54,24,54,24
spot_1633,1,54,26,54,26
spot_1634,1,54,28,54,28
spot_1635,1,54,30,54,30
spot_1636,1,54,32,54,32
spot_1637,1,54,34,54,34
spot_1638,1,54,36,54,36
spot_1639,1,54,38,54,38
spot_1640,1,54,40,54,40
spot_1641,1,54,42,54,42
spot_1642,1,54,44,54,44
spot_1643,1,54,46,54,46
spot_1644,1,54,48,54,48
spot_1645,1,54,50,54,50
spot_1646,1,54,52,54,52
spot_1647,1,54,54,54,54
spot_1648,1,54,56,54,56
spot_1649,1,54,58,54,58
spot_1650,1,55,1,55,1
spot_1651,1,55,3,55,3
spot_1652,1,55,5,55,5
spot_1653,1,55,7,55,7
spot_1654,1,55,9,55,9
spot_1655,1,55,11,55,11
spot_1656,1,55,13,55,13
spot_1657,1,55,15,55,15
spot_1658,1,55,17,55,17
spot_1659,1,55,19,55,19
spot_1660,1,55,21,55,21
spot_1661,1,55,23,55,23
spot_1662,1,55,25,55,25
spot_1663,1,55,27,55,27
spot_1664,1,55,29,55,29
spot_1665,1,55,31,55,31
spot_1666,1,55,33,55,33
spot_1667,1,55,35,55,35
spot_1668,1,55,37,55,37
spot_1669,1,55,39,55,39
spot_1670,1,55,41,55,41
spot_1671,1,55,43,55,43
spot_1672,1,55,45,55,45
spot_1673,1,55,47,55,47
spot_1674,1,55,49,55,49
spot_1675,1,55,51,55,51
spot_1676,1,55,53,55,53
spot_1677,1,55,55,55,55
spot_1678,1,55,57,55,57
spot_1679,1,55,59,55,59
spot_1680,1,56,0,56,0
spot_1681,1,56,2,56,2
spot_1682,1,56,4,56,4
spot_1683,1,56,6,56,6
spot_1684,1,56,8,56,8
spot_1685,1,56,10,56,10
spot_1686,1,56,12,56,12
spot_1687,1,56,14,56,14
spot_1688,1,56,16,56,16
spot_1689,1,56,18,56,18
spot_1690,1,56,20,56,20
spot_1691,1,56,22,56,22
spot_1692,1,56,24,56,24
spot_1693,1,56,26,56,26
spot_1694,1,56,28,56,28
spot_1695,1,56,30,56,30
spot_1696,1,56,32,56,32
spot_1697,1,56,34,56,34
spot_1698,1,56,36,56,36
spot_1699,1,56,38,56,38
spot_1700,1,56,40,56,40
spot_1701,1,56,42,56,42
spot_1702,1,56,44,56,44
spot_1703,1,56,46,56,46
spot_1704,1,56,48,56,48
spot_1705,1,56,50,56,50
spot_1706,1,56,52,56,52
spot_1707,1,56,54,56,54
spot_1708,1,56,56,56,56
spot_1709,1,56,58,56,58
spot_1710,1,57,1,57,1
spot_1711,1,57,3,57,3
spot_1712,1,57,5,57,5
spot_1713,1,57,7,57,7
spot_1714,1,57,9,57,9
spot_1715,1,57,11,57,11
spot_1716,1,57,13,57,13
spot_1717,1,57,15,57,15
spot_1718,1,57,17,57,17
spot_1719,1,57,19,57,19
spot_1720,1,57,21,57,21
spot_1721,1,57,23,57,23
spot_1722,1,57,25,57,25
spot_1723,1,57,27,57,27
spot_1724,1,57,29,57,29
spot_1725,1,57,31,57,31
spot_1726,1,57,33,57,33
spot_1727,1,57,35,57,35
spot_1728,1,57,37,57,37
spot_1729,1,57,39,57,39
spot_1730,1,57,41,57,41
spot_1731,1,57,43,57,43
spot_1732,1,57,45,57,45
spot_1733,1,57,47,57,47
spot_1734,1,57,49,57,49
spot_1735,1,57,51,57,51
spot_1736,1,57,53,57,53
spot_1737,1,57,55,57,55
spot_1738,1,57,57,57,57
spot_1739,1,57,59,57,59
spot_1740,1,58,0,58,0
spot_1741,1,58,2,58,2
spot_1742,1,58,4,58,4
spot_1743,1,58,6,58,6
spot_1744,1,58,8,58,8
spot_1745,1,58,10,58,10
spot_1746,1,58,12,58,12
spot_1747,1,58,14,58,14
spot_1748,1,58,16,58,16
spot_1749,1,58,18,58,18
spot_1750,1,58,20,58,20
spot_1751,1,58,22,58,22
spot_1752,1,58,24,58,24
spot_1753,1,58,26,58,26
spot_1754,1,58,28,58,28
spot_1755,1,58,30,58,30
spot_1756,1,58,32,58,32
spot_1757,1,58,34,58,34
spot_1758,1,58,36,58,36
spot_1759,1,58,38,58,38
spot_1760,1,58,40,58,40
spot_1761,1,58,42,58,42
spot_1762,1,58,44,58,44
spot_1763,1,58,46,58,46
spot_1764,1,58,48,58,48
spot_1765,1,58,50,58,50
spot_1766,1,58,52,58,52
spot_1767,1,58,54,58,54
spot_1768,1,58,56,58,56
spot_1769,1,58,58,58,58
spot_1770,1,59,1,59,1
spot_1771,1,59,3,59,3
spot_1772,1,59,5,59,5
spot_1773,1,59,7,59,7
spot_1774,1,59,9,59,9
spot_1775,1,59,11,59,11
spot_1776,1,59,13,59,13
spot_1777,1,59,15,59,15
spot_1778,1,59,17,59,17
spot_1779,1,59,19,59,19
spot_1780,1,59,21,59,21
spot_1781,1,59,23,59,23
spot_1782,1,59,25,59,25
spot_1783,1,59,27,59,27
spot_1784,1,59,29,59,29
spot_1785,1,59,31,59,31
spot_1786,1,59,33,59,33
spot_1787,1,59,35,59,35
spot_1788,1,59,37,59,37
spot_1789,1,59,39,59,39
spot_1790,1,59,41,59,41
spot_1791,1,59,43,59,43
spot_1792,1,59,45,59,45
spot_1793,1,59,47,59,47
spot_1794,1,59,49,59,49
spot_1795,1,59,51,59,51
spot_1796,1,59,53,59,53
spot_1797,1,59,55,59,55
spot_1798,1,59,57,59,57
spot_1799,1,59,59,59,59
spot_1800,1,60,0,60,0
spot_1801,1,60,2,60,2
spot_1802,1,60,4,60,4
spot_1803,1,60,6,60,6
spot_1804,1,60,8,60,8
spot_1805,1,60,10,60,10
spot_1806,1,60,12,60,12
spot_1807,1,60,14,60,14
spot_1808,1,60,16,60,16
spot_1809,1,60,18,60,18
spot_1810,1,60,20,60,20
spot_1811,1,60,22,60,22
spot_1812,1,60,24,60,24
spot_1813,1,60,26,60,26
spot_1814,1,60,28,60,28
spot_1815,1,60,30,60,30
spot_1816,1,60,32,60,32
spot_1817,1,60,34,60,34
spot_1818,1,60,36,60,36
spot_1819,1,60,38,60,38
spot_1820,1,60,40,60,40
spot_1821,1,60,42,60,42
spot_1822,1,60,44,60,44
spot_1823,1,60,46,60,46
spot_1824,1,60,48,60,48
spot_1825,1,60,50,60,50
spot_1826,1,60,52,60,52
spot_1827,1,60,54,60,54
spot_1828,1,60,56,60,56
spot_1829,1,60,58,60,58
spot_1830,1,61,1,61,1
spot_1831,1,61,3,61,3
spot_1832,1,61,5,61,5
spot_1833,1,61,7,61,7
spot_1834,1,61,9,61,9
spot_1835,1,61,11,61,11
spot_1836,1,61,13,61,13
spot_1837,1,61,15,61,15
spot_1838,1,61,17,61,17
spot_1839,1,61,19,61,19
spot_1840,1,61,21,61,21
spot_1841,1,61,23,61,23
spot_1842,1,61,25,61,25
spot_1843,1,61,27,61,27
spot_1844,1,61,29,61,29
spot_1845,1,61,31,61,31
spot_1846,1,61,33,61,33
spot_1847,1,61,35,61,35
spot_1848,1,61,37,61,37
spot_1849,1,61,39,61,39
spot_1850,1,61,41,61,41
spot_1851,1,61,43,61,43
spot_1852,1,61,45,61,45
spot_1853,1,61,47,61,47
spot_1854,1,61,49,61,49
spot_1855,1,61,51,61,51
spot_1856,1,61,53,61,53
spot_1857,1,61,55,61,55
spot_1858,1,61,57,61,57
spot_1859,1,61,59,61,59
spot_1860,1,62,0,62,0
spot_1861,1,62,2,62,2
spot_1862,1,62,4,62,4
spot_1863,1,62,6,62,6
spot_1864,1,62,8,62,8
spot_1865,1,62,10,62,10
spot_1866,1,62,12,62,12
spot_1867,1,62,14,62,14
spot_1868,1,62,16,62,16
spot_1869,1,62,18,62,18
spot_1870,1,62,20,62,20
spot_1871,1,62,22,62,22
spot_1872,1,62,24,62,24
spot_1873,1,62,26,62,26
spot_1874,1,62,28,62,28
spot_1875,1,62,30,62,30
spot_1876,1,62,32,62,32
spot_1877,1,62,34,62,34
spot_1878,1,62,36,62,36
spot_1879,1,62,38,62,38
spot_1880,1,62,40,62,40
spot_1881,1,62,42,62,42
spot_1882,1,62,44,62,44
spot_1883,1,62,46,62,46
spot_1884,1,62,48,62,48
spot_1885,1,62,50,62,50
spot_1886,1,62,52,62,52
spot_1887,1,62,54,62,54
spot_1888,1,62,56,62,56
spot_1889,1,62,58,62,58
spot_1890,1,63,1,63,1
spot_1891,1,63,3,63,3
spot_1892,1,63,5,63,5
spot_1893,1,63,7,63,7
spot_1894,1,63,9,63,9
spot_1895,1,63,11,63,11
spot_1896,1,63,13,63,13
spot_1897,1,63,15,63,15
spot_1898,1,63,17,63,17
spot_1899,1,63,19,63,19
spot_1900,1,63,21,63,21
spot_1901,1,63,23,63,23
spot_1902,1,63,25,63,25
spot_1903,1,63,27,63,27
spot_1904,1,63,29,63,29
spot_1905,1,63,31,63,31
spot_1906,1,63,33,63,33
spot_1907,1,63,35,63,35
spot_1908,1,63,37,63,37
spot_1909,1,63,39,63,39
spot_1910,1,63,41,63,41
spot_1911,1,63,43,63,43
spot_1912,1,63,45,63,45
spot_1913,1,63,47,63,47
spot_1914,1,63,49,63,49
spot_1915,1,63,51,63,51
spot_1916,1,63,53,63,53
spot_1917,1,63,55,63,55
spot_1918,1,63,57,63,57
spot_1919,1,63,59,63,59
spot_1920,1,64,0,64,0
spot_1921,1,64,2,64,2
spot_1922,1,64,4,64,4
spot_1923,1,64,6,64,6
spot_1924,1,64,8,64,8
spot_1925,1,64,10,64,10
spot_1926,1,64,12,64,12
spot_1927,1,64,14,64,14
spot_1928,1,64,16,64,16
spot_1929,1,64,18,64,18
spot_1930,1,64,20,64,20
spot_1931,1,64,22,64,22
spot_1932,1,64,24,64,24
spot_1933,1,64,26,64,26
spot_1934,1,64,28,64,28
spot_1935,1,64,30,64,30
spot_1936,1,64,32,64,32
spot_1937,1,64,34,64,34
spot_1938,1,64,36,64,36
spot_1939,1,64,38,64,38
spot_1940,1,64,40,64,40
spot_1941,1,64,42,64,42
spot_1942,1,64,44,64,44
spot_1943,1,64,46,64,46
spot_1944,1,64,48,64,48
spot_1945,1,64,50,64,50
spot_1946,1,64,52,64,52
spot_1947,1,64,54,64,54
spot_1948,1,64,56,64,56
spot_1949,1,64,58,64,58
spot_1950,1,65,1,65,1
spot_1951,1,65,3,65,3
spot_1952,1,65,5,65,5
spot_1953,1,65,7,65,7
spot_1954,1,65,9,65,9
spot_1955,1,65,11,65,11
spot_1956,1,65,13,65,13
spot_1957,1,65,15,65,15
spot_1958,1,65,17,65,17
spot_1959,1,65,19,65,19
spot_1960,1,65,21,65,21
spot_1961,1,65,23,65,23
spot_1962,1,65,25,65,25
spot_1963,1,65,27,65,27
spot_1964,1,65,29,65,29
spot_1965,1,65,31,65,31
spot_1966,1,65,33,65,33
spot_1967,1,65,35,65,35
spot_1968,1,65,37,65,37
spot_1969,1,65,39,65,39
spot_1970,1,65,41,65,41
spot_1971,1,65,43,65,43
spot_1972,1,65,45,65,45
spot_1973,1,65,47,65,47
spot_1974,1,65,49,65,49
spot_1975,1,65,51,65,51
spot_1976,1,65,53,65,53
spot_1977,1,65,55,65,55
spot_1978,1,65,57,65,57
spot_1979,1,65,59,65,59
spot_1980,1,66,0,66,0
spot_1981,1,66,2,66,2
spot_1982,1,66,4,66,4
spot_1983,1,66,6,66,6
spot_1984,1,66,8,66,8
spot_1985,1,66,10,66,10
spot_1986,1,66,12,66,12
spot_1987,1,66,14,66,14
spot_1988,1,66,16,66,16
spot_1989,1,66,18,66,18
spot_1990,1,66,20,66,20
spot_1991,1,66,22,66,22
spot_1992,1,66,24,66,24
spot_1993,1,66,26,66,26
spot_1994,1,66,28,66,28
spot_1995,1,66,30,66,30
spot_1996,1,66,32,66,32
spot_1997,1,66,34,66,34
spot_1998,1,66,36,66,36
spot_1999,1,66,38,66,38
spot_2000,1,66,40,66,40
spot_2001,1,66,42,66,42
spot_2002,1,66,44,66,44
spot_2003,1,66,46,66,46
spot_2004,1,66,48,66,48
spot_2005,1,66,50,66,50
spot_2006,1,66,52,66,52
spot_2007,1,66,54,66,54
spot_2008,1,66,56,66,56
spot_2009,1,66,58,66,58
spot_2010,1,67,1,67,1
spot_2011,1,67,3,67,3
spot_2012,1,67,5,67,5
spot_2013,1,67,7,67,7
spot_2014,1,67,9,67,9
spot_2015,1,67,11,67,11
spot_2016,1,67,13,67,13
spot_2017,1,67,15,67,15
spot_2018,1,67,17,67,17
spot_2019,1,67,19,67,19
spot_2020,1,67,21,67,21
spot_2021,1,67,23,67,23
spot_2022,1,67,25,67,25
spot_2023,1,67,27,67,27
spot_2024,1,67,29,67,29
spot_2025,1,67,31,67,31
spot_2026,1,67,33,67,33
spot_2027,1,67,35,67,35
spot_2028,1,67,37,67,37
spot_2029,1,67,39,67,39
spot_2030,1,67,41,67,41
spot_2031,1,67,43,67,43
spot_2032,1,67,45,67,45
spot_2033,1,67,47,67,47
spot_2034,1,67,49,67,49
spot_2035,1,67,51,67,51
spot_2036,1,67,53,67,53
spot_2037,1,67,55,67,55
spot_2038,1,67,57,67,57
spot_2039,1,67,59,67,59
spot_2040,1,68,0,68,0
spot_2041,1,68,2,68,2
spot_2042,1,68,4,68,4
spot_2043,1,68,6,68,6
spot_2044,1,68,8,68,8
spot_2045,1,68,10,68,10
spot_2046,1,68,12,68,12
spot_2047,1,68,14,68,14
spot_2048,1,68,16,68,16
spot_2049,1,68,18,68,18
spot_2050,1,68,20,68,20
spot_2051,1,68,22,68,22
spot_2052,1,68,24,68,24
spot_2053,1,68,26,68,26
spot_2054,1,68,28,68,28
spot_2055,1,68,30,68,30
spot_2056,1,68,32,68,32
spot_2057,1,68,34,68,34
spot_2058,1,68,36,68,36
spot_2059,1,68,38,68,38
spot_2060,1,68,40,68,40
spot_2061,1,68,42,68,42
spot_2062,1,68,44,68,44
spot_2063,1,68,46,68,46
spot_2064,1,68,48,68,48
spot_2065,1,68,50,68,50
spot_2066,1,68,52,68,52
spot_2067,1,68,54,68,54
spot_2068,1,68,56,68,56
spot_2069,1,68,58,68,58
spot_2070,1,69,1,69,1
spot_2071,1,69,3,69,3
spot_2072,1,69,5,69,5
spot_2073,1,69,7,69,7
spot_2074,1,69,9,69,9
spot_2075,1,69,11,69,11
spot_2076,1,69,13,69,13
spot_2077,1,69,15,69,15
spot_2078,1,69,17,69,17
spot_2079,1,69,19,69,19
spot_2080,1,69,21,69,21
spot_2081,1,69,23,69,23
spot_2082,1,69,25,69,25
spot_2083,1,69,27,69,27
spot_2084,1,69,29,69,29
spot_2085,1,69,31,69,31
spot_2086,1,69,33,69,33
spot_2087,1,69,35,69,35
spot_2088,1,69,37,69,37
spot_2089,1,69,39,69,39
spot_2090,1,69,41,69,41
spot_2091,1,69,43,69,43
spot_2092,1,69,45,69,45
spot_2093,1,69,47,69,47
spot_2094,1,69,49,69,49
spot_2095,1,69,51,69,51
spot_2096,1,69,53,69,53
spot_2097,1,69,55,69,55
spot_2098,1,69,57,69,57
spot_2099,1,69,59,69,59
spot_2100,1,70,0,70,0
spot_2101,1,70,2,70,2
spot_2102,1,70,4,70,4
spot_2103,1,70,6,70,6
spot_2104,1,70,8,70,8
spot_2105,1,70,10,70,10
spot_2106,1,70,12,70,12
spot_2107,1,70,14,70,14
spot_2108,1,70,16,70,16
spot_2109,1,70,18,70,18
spot_2110,1,70,20,70,20
spot_2111,1,70,22,70,22
spot_2112,1,70,24,70,24
spot_2113,1,70,26,70,26
spot_2114,1,70,28,70,28
spot_2115,1,70,30,70,30
spot_2116,1,70,32,70,32
spot_2117,1,70,34,70,34
spot_2118,1,70,36,70,36
spot_2119,1,70,38,70,38
spot_2120,1,70,40,70,40
spot_2121,1,70,42,70,42
spot_2122,1,70,44,70,44
spot_2123,1,70,46,70,46
spot_2124,1,70,48,70,48
spot_2125,1,70,50,70,50
spot_2126,1,70,52,70,52
spot_2127,1,70,54,70,54
spot_2128,1,70,56,70,56
spot_2129,1,70,58,70,58
spot_2130,1,71,1,71,1
spot_2131,1,71,3,71,3
spot_2132,1,71,5,71,5
spot_2133,1,71,7,71,7
spot_2134,1,71,9,71,9
spot_2135,1,71,11,71,11
spot_2136,1,71,13,71,13
spot_2137,1,71,15,71,15
spot_2138,1,71,17,71,17
spot_2139,1,71,19,71,19
spot_2140,1,71,21,71,21
spot_2141,1,71,23,71,23
spot_2142,1,71,25,71,25
spot_2143,1,71,27,71,27
spot_2144,1,71,29,71,29
spot_2145,1,71,31,71,31
spot_2146,1,71,33,71,33
spot_2147,1,71,35,71,35
spot_2148,1,71,37,71,37
spot_2149,1,71,39,71,39
spot_2150,1,71,41,71,41
spot_2151,1,71,43,71,43
spot_2152,1,71,45,71,45
spot_2153,1,71,47,71,47
spot_2154,1,71,49,71,49
spot_2155,1,71,51,71,51
spot_2156,1,71,53,71,53
spot_2157,1,71,55,71,55
spot_2158,1,71,57,71,57
spot_2159,1,71,59,71,59
spot_2160,1,72,0,72,0
spot_2161,1,72,2,72,2
spot_2162,1,72,4,72,4
spot_2163,1,72,6,72,6
spot_2164,1,72,8,72,8
spot_2165,1,72,10,72,10
spot_2166,1,72,12,72,12
spot_2167,1,72,14,72,14
spot_2168,1,72,16,72,16
spot_2169,1,72,18,72,18
spot_2170,1,72,20,72,20
spot_2171,1,72,22,72,22
spot_2172,1,72,24,72,24
spot_2173,1,72,26,72,26
spot_2174,1,72,28,72,28
spot_2175,1,72,30,72,30
spot_2176,1,72,32,72,32
spot_2177,1,72,34,72,34
spot_2178,1,72,36,72,36
spot_2179,1,72,38,72,38
spot_2180,1,72,40,72,40
spot_2181,1,72,42,72,42
spot_2182,1,72,44,72,44
spot_2183,1,72,46,72,46
spot_2184,1,72,48,72,48
spot_2185,1,72,50,72,50
spot_2186,1,72,52,72,52
spot_2187,1,72,54,72,54
spot_2188,1,72,56,72,56
spot_2189,1,72,58,72,58
spot_2190,1,73,1,73,1
spot_2191,1,73,3,73,3
spot_2192,1,73,5,73,5
spot_2193,1,73,7,73,7
spot_2194,1,73,9,73,9
spot_2195,1,73,11,73,11
spot_2196,1,73,13,73,13
spot_2197,1,73,15,73,15
spot_2198,1,73,17,73,17
spot_2199,1,73,19,73,19
spot_2200,1,73,21,73,21
spot_2201,1,73,23,73,23
spot_2202,1,73,25,73,25
spot_2203,1,73,27,73,27
spot_2204,1,73,29,73,29
spot_2205,1,73,31,73,31
spot_2206,1,73,33,73,33
spot_2207,1,73,35,73,35
spot_2208,1,73,37,73,37
spot_2209,1,73,39,73,39
spot_2210,1,73,41,73,41
spot_2211,1,73,43,73,43
spot_2212,1,73,45,73,45
spot_2213,1,73,47,73,47
spot_2214,1,73,49,73,49
spot_2215,1,73,51,73,51
spot_2216,1,73,53,73,53
spot_2217,1,73,55,73,55
spot_2218,1,73,57,73,57
spot_2219,1,73,59,73,59
spot_2220,1,74,0,74,0
spot_2221,1,74,2,74,2
spot_2222,1,74,4,74,4
spot_2223,1,74,6,74,6
spot_2224,1,74,8,74,8
spot_2225,1,74,10,74,10
spot_2226,1,74,12,74,12
spot_2227,1,74,14,74,14
spot_2228,1,74,16,74,16
spot_2229,1,74,18,74,18
spot_2230,1,74,20,74,20
spot_2231,1,74,22,74,22
spot_2232,1,74,24,74,24
spot_2233,1,74,26,74,26
spot_2234,1,74,28,74,28
spot_2235,1,74,30,74,30
spot_2236,1,74,32,74,32
spot_2237,1,74,34,74,34
spot_2238,1,74,36,74,36
spot_2239,1,74,38,74,38
spot_2240,1,74,40,74,40
spot_2241,1,74,42,74,42
spot_2242,1,74,44,74,44
spot_2243,1,74,46,74,46
spot_2244,1,74,48,74,48
spot_2245,1,74,50,74,50
spot_2246,1,74,52,74,52
spot_2247,1,74,54,74,54
spot_2248,1,74,56,74,56
spot_2249,1,74,58,74,58
spot_2250,1,75,1,75,1
spot_2251,1,75,3,75,3
spot_2252,1,75,5,75,5
spot_2253,1,75,7,75,7
spot_2254,1,75,9,75,9
spot_2255,1,75,11,75,11
spot_2256,1,75,13,75,13
spot_2257,1,75,15,75,15
spot_2258,1,75,17,75,17
spot_2259,1,75,19,75,19
spot_2260,1,75,21,75,21
spot_2261,1,75,23,75,23
spot_2262,1,75,25,75,25
spot_2263,1,75,27,75,27
spot_2264,1,75,29,75,29
spot_2265,1,75,31,75,31
spot_2266,1,75,33,75,33
spot_2267,1,75,35,75,35
spot_2268,1,75,37,75,37
spot_2269,1,75,39,75,39
spot_2270,1,75,41,75,41
spot_2271,1,75,43,75,43
spot_2272,1,75,45,75,45
spot_2273,1,75,47,75,47
spot_2274,1,75,49,75,49
spot_2275,1,75,51,75,51
spot_2276,1,75,53,75,53
spot_2277,1,75,55,75,55
spot_2278,1,75,57,75,57
spot_2279,1,75,59,75,59
spot_2280,1,76,0,76,0
spot_2281,1,76,2,76,2
spot_2282,1,76,4,76,4
spot_2283,1,76,6,76,6
spot_2284,1,76,8,76,8
spot_2285,1,76,10,76,10
spot_2286,1,76,12,76,12
spot_2287,1,76,14,76,14
spot_2288,1,76,16,76,16
spot_2289,1,76,18,76,18
spot_2290,1,76,20,76,20
spot_2291,1,76,22,76,22
spot_2292,1,76,24,76,24
spot_2293,1,76,26,76,26
spot_2294,1,76,28,76,28
spot_2295,1,76,30,76,30
spot_2296,1,76,32,76,32
spot_2297,1,76,34,76,34
spot_2298,1,76,36,76,36
spot_2299,1,76,38,76,38
spot_2300,1,76,40,76,40
spot_2301,1,76,42,76,42
spot_2302,1,76,44,76,44
spot_2303,1,76,46,76,46
spot_2304,1,76,48,76,48
spot_2305,1,76,50,76,50
spot_2306,1,76,52,76,52
spot_2307,1,76,54,76,54
spot_2308,1,76,56,76,56
spot_2309,1,76,58,76,58
spot_2310,1,77,1,77,1
spot_2311,1,77,3,77,3
spot_2312,1,77,5,77,5
spot_2313,1,77,7,77,7
spot_2314,1,77,9,77,9
spot_2315,1,77,11,77,11
spot_2316,1,77,13,77,13
spot_2317,1,77,15,77,15
spot_2318,1,77,17,77,17
spot_2319,1,77,19,77,19
spot_2320,1,77,21,77,21
spot_2321,1,77,23,77,23
spot_2322,1,77,25,77,25
spot_2323,1,77,27,77,27
spot_2324,1,77,29,77,29
spot_2325,1,77,31,77,31
spot_2326,1,77,33,77,33
spot_2327,1,77,35,77,35
spot_2328,1,77,37,77,37
spot_2329,1,77,39,77,39
spot_2330,1,77,41,77,41
spot_2331,1,77,43,77,43
spot_2332,1,77,45,77,45
spot_2333,1,77,47,77,47
spot_2334,1,77,49,77,49
spot_2335,1,77,51,77,51
spot_2336,1,77,53,77,53
spot_2337,1,77,55,77,55
spot_2338,1,77,57,77,57
spot_2339,1,77,59,77,59
spot_2340,1,78,0,78,0
spot_2341,1,78,2,78,2
spot_2342,1,78,4,78,4
spot_2343,1,78,6,78,6
spot_2344,1,78,8,78,8
spot_2345,1,78,10,78,10
spot_2346,1,78,12,78,12
spot_2347,1,78,14,78,14
spot_2348,1,78,16,78,16
spot_2349,1,78,18,78,18
spot_2350,1,78,20,78,20
spot_2351,1,78,22,78,22
spot_2352,1,78,24,78,24
spot_2353,1,78,26,78,26
spot_2354,1,78,28,78,28
spot_2355,1,78,30,78,30
spot_2356,1,78,32,78,32
spot_2357,1,78,34,78,34
spot_2358,1,78,36,78,36
spot_2359,1,78,38,78,38
spot_2360,1,78,40,78,40
spot_2361,1,78,42,78,42
spot_2362,1,78,44,78,44
spot_2363,1,78,46,78,46
spot_2364,1,78,48,78,48
spot_2365,1,78,50,78,50
spot_2366,1,78,52,78,52
spot_2367,1,78,54,78,54
spot_2368,1,78,56,78,56
spot_2369,1,78,58,78,58
spot_2370,1,79,1,79,1
spot_2371,1,79,3,79,3
spot_2372,1,79,5,79,5
spot_2373,1,79,7,79,7
spot_2374,1,79,9,79,9
spot_2375,1,79,11,79,11
spot_2376,1,79,13,79,13
spot_2377,1,79,15,79,15
spot_2378,1,79,17,79,17
spot_2379,1,79,19,79,19
spot_2380,1,79,21,79,21
spot_2381,1,79,23,79,23
spot_2382,1,79,25,79,25
spot_2383,1,79,27,79,27
spot_2384,1,79,29,79,29
spot_2385,1,79,31,79,31
spot_2386,1,79,33,79,33
spot_2387,1,79,35,79,35
spot_2388,1,79,37,79,37
spot_2389,1,79,39,79,39
spot_2390,1,79,41,79,41
spot_2391,1,79,43,79,43
spot_2392,1,79,45,79,45
spot_2393,1,79,47,79,47
spot_2394,1,79,49,79,49
spot_2395,1,79,51,79,51
spot_2396,1,79,53,79,53
spot_2397,1,79,55,79,55
spot_2398,1,79,57,79,57
spot_2399,1,79,59,79,59
spot_2400,1,80,0,80,0
spot_2401,1,80,2,80,2
spot_2402,1,80,4,80,4
spot_2403,1,80,6,80,6
spot_2404,1,80,8,80,8
spot_2405,1,80,10,80,10
spot_2406,1,80,12,80,12
spot_2407,1,80,14,80,14
spot_2408,1,80,16,80,16
spot_2409,1,80,18,80,18
spot_2410,1,80,20,80,20
spot_2411,1,80,22,80,22
spot_2412,1,80,24,80,24
spot_2413,1,80,26,80,26
spot_2414,1,80,28,80,28
spot_2415,1,80,30,80,30
spot_2416,1,80,32,80,32
spot_2417,1,80,34,80,34
spot_2418,1,80,36,80,36
spot_2419,1,80,38,80,38
spot_2420,1,80,40,80,40
spot_2421,1,80,42,80,42
spot_2422,1,80,44,80,44
spot_2423,1,80,46,80,46
spot_2424,1,80,48,80,48
spot_2425,1,80,50,80,50
spot_2426,1,80,52,80,52
spot_2427,1,80,54,80,54
spot_2428,1,80,56,80,56
spot_2429,1,80,58,80,58
spot_2430,1,81,1,81,1
spot_2431,1,81,3,81,3
spot_2432,1,81,5,81,5
spot_2433,1,81,7,81,7
spot_2434,1,81,9,81,9
spot_2435,1,81,11,81,11
spot_2436,1,81,13,81,13
spot_2437,1,81,15,81,15
spot_2438,1,81,17,81,17
spot_2439,1,81,19,81,19
spot_2440,1,81,21,81,21
spot_2441,1,81,23,81,23
spot_2442,1,81,25,81,25
spot_2443,1,81,27,81,27
spot_2444,1,81,29,81,29
spot_2445,1,81,31,81,31
spot_2446,1,81,33,81,33
spot_2447,1,81,35,81,35
spot_2448,1,81,37,81,37
spot_2449,1,81,39,81,39
spot_2450,1,81,41,81,41
spot_2451,1,81,43,81,43
spot_2452,1,81,45,81,45
spot_2453,1,81,47,81,47
spot_2454,1,81,49,81,49
spot_2455,1,81,51,81,51
spot_2456,1,81,53,81,53
spot_2457,1,81,55,81,55
spot_2458,1,81,57,81,57
spot_2459,1,81,59,81,59
spot_2460,1,82,0,82,0
spot_2461,1,82,2,82,2
spot_2462,1,82,4,82,4
spot_2463,1,82,6,82,6
spot_2464,1,82,8,82,8
spot_2465,1,82,10,82,10
spot_2466,1,82,12,82,12
spot_2467,1,82,14,82,14
spot_2468,1,82,16,82,16
spot_2469,1,82,18,82,18
spot_2470,1,82,20,82,20
spot_2471,1,82,22,82,22
spot_2472,1,82,24,82,24
spot_2473,1,82,26,82,26
spot_2474,1,82,28,82,28
spot_2475,1,82,30,82,30
spot_2476,1,82,32,82,32
spot_2477,1,82,34,82,34
spot_2478,1,82,36,82,36
spot_2479,1,82,38,82,38
spot_2480,1,82,40,82,40
spot_2481,1,82,42,82,42
spot_2482,1,82,44,82,44
spot_2483,1,82,46,82,46
spot_2484,1,82,48,82,48
spot_2485,1,82,50,82,50
spot_2486,1,82,52,82,52
spot_2487,1,82,54,82,54
spot_2488,1,82,56,82,56
spot_2489,1,82,58,82,58
spot_2490,1,83,1,83,1
spot_2491,1,83,3,83,3
spot_2492,1,83,5,83,5
spot_2493,1,83,7,83,7
spot_2494,1,83,9,83,9
spot_2495,1,83,11,83,11
spot_2496,1,83,13,83,13
spot_2497,1,83,15,83,15
spot_2498,1,83,17,83,17
spot_2499,1,83,19,83,19
spot_2500,1,83,21,83,21
spot_2501,1,83,23,83,23
spot_2502,1,83,25,83,25
spot_2503,1,83,27,83,27
spot_2504,1,83,29,83,29
spot_2505,1,83,31,83,31
spot_2506,1,83,33,83,33
spot_2507,1,83,35,83,35
spot_2508,1,83,37,83,37
spot_2509,1,83,39,83,39
spot_2510,1,83,41,83,41
spot_2511,1,83,43,83,43
spot_2512,1,83,45,83,45
spot_2513,1,83,47,83,47
spot_2514,1,83,49,83,49
spot_2515,1,83,51,83,51
spot_2516,1,83,53,83,53
spot_2517,1,83,55,83,55
spot_2518,1,83,57,83,57
spot_2519,1,83,59,83,59
spot_2520,1,84,0,84,0
spot_2521,1,84,2,84,2
spot_2522,1,84,4,84,4
spot_2523,1,84,6,84,6
spot_2524,1,84,8,84,8
spot_2525,1,84,10,84,10
spot_2526,1,84,12,84,12
spot_2527,1,84,14,84,14
spot_2528,1,84,16,84,16
spot_2529,1,84,18,84,18
spot_2530,1,84,20,84,20
spot_2531,1,84,22,84,22
spot_2532,1,84,24,84,24
spot_2533,1,84,26,84,26
spot_2534,1,84,28,84,28
spot_2535,1,84,30,84,30
spot_2536,1,84,32,84,32
spot_2537,1,84,34,84,34
spot_2538,1,84,36,84,36
spot_2539,1,84,38,84,38
spot_2540,1,84,40,84,40
spot_2541,1,84,42,84,42
spot_2542,1,84,44,84,44
spot_2543,1,84,46,84,46
spot_2544,1,84,48,84,48
spot_2545,1,84,50,84,50
spot_2546,1,84,52,84,52
spot_2547,1,84,54,84,54
spot_2548,1,84,56,84,56
spot_2549,1,84,58,84,58
spot_2550,1,85,1,85,1
spot_2551,1,85,3,85,3
spot_2552,1,85,5,85,5
spot_2553,1,85,7,85,7
spot_2554,1,85,9,85,9
spot_2555,1,85,11,85,11
spot_2556,1,85,13,85,13
spot_2557,1,85,15,85,15
spot_2558,1,85,17,85,17
spot_2559,1,85,19,85,19
spot_2560,1,85,21,85,21
spot_2561,1,85,23,85,23
spot_2562,1,85,25,85,25
spot_2563,1,85,27,85,27
spot_2564,1,85,29,85,29
spot_2565,1,85,31,85,31
spot_2566,1,85,33,85,33
spot_2567,1,85,35,85,35
spot_2568,1,85,37,85,37
spot_2569,1,85,39,85,39
spot_2570,1,85,41,85,41
spot_2571,1,85,43,85,43
spot_2572,1,85,45,85,45
spot_2573,1,85,47,85,47
spot_2574,1,85,49,85,49
spot_2575,1,85,51,85,51
spot_2576,1,85,53,85,53
spot_2577,1,85,55,85,55
spot_2578,1,85,57,85,57
spot_2579,1,85,59,85,59
spot_2580,1,86,0,86,0
spot_2581,1,86,2,86,2
spot_2582,1,86,4,86,4
spot_2583,1,86,6,86,6
spot_2584,1,86,8,86,8
spot_2585,1,86,10,86,10
spot_2586,1,86,12,86,12
spot_2587,1,86,14,86,14
spot_2588,1,86,16,86,16
spot_2589,1,86,18,86,18
spot_2590,1,86,20,86,20
spot_2591,1,86,22,86,22
spot_2592,1,86,24,86,24
spot_2593,1,86,26,86,26
spot_2594,1,86,28,86,28
spot_2595,1,86,30,86,30
spot_2596,1,86,32,86,32
spot_2597,1,86,34,86,34
spot_2598,1,86,36,86,36
spot_2599,1,86,38,86,38
spot_2600,1,86,40,86,40
spot_2601,1,86,42,86,42
spot_2602,1,86,44,86,44
spot_2603,1,86,46,86,46
spot_2604,1,86,48,86,48
spot_2605,1,86,50,86,50
spot_2606,1,86,52,86,52
spot_2607,1,86,54,86,54
spot_2608,1,86,56,86,56
spot_2609,1,86,58,86,58
spot_2610,1,87,1,87,1
spot_2611,1,87,3,87,3
spot_2612,1,87,5,87,5
spot_2613,1,87,7,87,7
spot_2614,1,87,9,87,9
spot_2615,1,87,11,87,11
spot_2616,1,87,13,87,13
spot_2617,1,87,15,87,15
spot_2618,1,87,17,87,17
spot_2619,1,87,19,87,19
spot_2620,1,87,21,87,21
spot_2621,1,87,23,87,23
spot_2622,1,87,25,87,25
spot_2623,1,87,27,87,27
spot_2624,1,87,29,87,29
spot_2625,1,87,31,87,31
spot_2626,1,87,33,87,33
spot_2627,1,87,35,87,35
spot_2628,1,87,37,87,37
spot_2629,1,87,39,87,39
spot_2630,1,87,41,87,41
spot_2631,1,87,43,87,43
spot_2632,1,87,45,87,45
spot_2633,1,87,47,87,47
spot_2634,1,87,49,87,49
spot_2635,1,87,51,87,51
spot_2636,1,87,53,87,53
spot_2637,1,87,55,87,55
spot_2638,1,87,57,87,57
spot_2639,1,87,59,87,59
spot_2640,1,88,0,88,0
spot_2641,1,88,2,88,2
spot_2642,1,88,4,88,4
spot_2643,1,88,6,88,6
spot_2644,1,88,8,88,8
spot_2645,1,88,10,88,10
spot_2646,1,88,12,88,12
spot_2647,1,88,14,88,14
spot_2648,1,88,16,88,16
spot_2649,1,88,18,88,18
spot_2650,1,88,20,88,20
spot_2651,1,88,22,88,22
spot_2652,1,88,24,88,24
spot_2653,1,88,26,88,26
spot_2654,1,88,28,88,28
spot_2655,1,88,30,88,30
spot_2656,1,88,32,88,32
spot_2657,1,88,34,88,34
spot_2658,1,88,36,88,36
spot_2659,1,88,38,88,38
spot_2660,1,88,40,88,40
spot_2661,1,88,42,88,42
spot_2662,1,88,44,88,44
spot_2663,1,88,46,88,46
spot_2664,1,88,48,88,48
spot_2665,1,88,50,88,50
spot_2666,1,88,52,88,52
spot_2667,1,88,54,88,54
spot_2668,1,88,56,88,56
spot_2669,1,88,58,88,58
spot_2670,1,89,1,89,1
spot_2671,1,89,3,89,3
spot_2672,1,89,5,89,5
spot_2673,1,89,7,89,7
spot_2674,1,89,9,89,9
spot_2675,1,89,11,89,11
spot_2676,1,89,13,89,13
spot_2677,1,89,15,89,15
spot_2678,1,89,17,89,17
spot_2679,1,89,19,89,19
spot_2680,1,89,21,89,21
spot_2681,1,89,23,89,23
spot_2682,1,89,25,89,25
spot_2683,1,89,27,89,27
spot_2684,1,89,29,89,29
spot_2685,1,89,31,89,31
spot_2686,1,89,33,89,33
spot_2687,1,89,35,89,35
spot_2688,1,89,37,89,37
spot_2689,1,89,39,89,39
spot_2690,1,89,41,89,41
spot_2691,1,89,43,89,43
spot_2692,1,89,45,89,45
spot_2693,1,89,47,89,47
spot_2694,1,89,49,89,49
spot_2695,1,89,51,89,51
spot_2696,1,89,53,89,53
spot_2697,1,89,55,89,55
spot_2698,1,89,57,89,57
spot_2699,1,89,59,89,59
spot_2700,1,90,0,90,0
spot_2701,1,90,2,90,2
spot_2702,1,90,4,90,4
spot_2703,1,90,6,90,6
spot_2704,1,90,8,90,8
spot_2705,1,90,10,90,10
spot_2706,1,90,12,90,12
spot_2707,1,90,14,90,14
spot_2708,1,90,16,90,16
spot_2709,1,90,18,90,18
spot_2710,1,90,20,90,20
spot_2711,1,90,22,90,22
spot_2712,1,90,24,90,24
spot_2713,1,90,26,90,26
spot_2714,1,90,28,90,28
spot_2715,1,90,30,90,30
spot_2716,1,90,32,90,32
spot_2717,1,90,34,90,34
spot_2718,1,90,36,90,36
spot_2719,1,90,38,90,38
spot_2720,1,90,40,90,40
spot_2721,1,90,42,90,42
spot_2722,1,90,44,90,44
spot_2723,1,90,46,90,46
spot_2724,1,90,48,90,48
spot_2725,1,90,50,90,50
spot_2726,1,90,52,90,52
spot_2727,1,90,54,90,54
spot_2728,1,90,56,90,56
spot_2729,1,90,58,90,58
spot_2730,1,91,1,91,1
spot_2731,1,91,3,91,3
spot_2732,1,91,5,91,5
spot_2733,1,91,7,91,7
spot_2734,1,91,9,91,9
spot_2735,1,91,11,91,11
spot_2736,1,91,13,91,13
spot_2737,1,91,15,91,15
spot_2738,1,91,17,91,17
spot_2739,1,91,19,91,19
spot_2740,1,91,21,91,21
spot_2741,1,91,23,91,23
spot_2742,1,91,25,91,25
spot_2743,1,91,27,91,27
spot_2744,1,91,29,91,29
spot_2745,1,91,31,91,31
spot_2746,1,91,33,91,33
spot_2747,1,91,35,91,35
spot_2748,1,91,37,91,37
spot_2749,1,91,39,91,39
spot_2750,1,91,41,91,41
spot_2751,1,91,43,91,43
spot_2752,1,91,45,91,45
spot_2753,1,91,47,91,47
spot_2754,1,91,49,91,49
spot_2755,1,91,51,91,51
spot_2756,1,91,53,91,53
spot_2757,1,91,55,91,55
spot_2758,1,91,57,91,57
spot_2759,1,91,59,91,59
spot_2760,1,92,0,92,0
spot_2761,1,92,2,92,2
spot_2762,1,92,4,92,4
spot_2763,1,92,6,92,6
spot_2764,1,92,8,92,8
spot_2765,1,92,10,92,10
spot_2766,1,92,12,92,12
spot_2767,1,92,14,92,14
spot_2768,1,92,16,92,16
spot_2769,1,92,18,92,18
spot_2770,1,92,20,92,20
spot_2771,1,92,22,92,22
spot_2772,1,92,24,92,24
spot_2773,1,92,26,92,26
spot_2774,1,92,28,92,28
spot_2775,1,92,30,92,30
spot_2776,1,92,32,92,32
spot_2777,1,92,34,92,34
spot_2778,1,92,36,92,36
spot_2779,1,92,38,92,38
spot_2780,1,92,40,92,40
spot_2781,1,92,42,92,42
spot_2782,1,92,44,92,44
spot_2783,1,92,46,92,46
spot_2784,1,92,48,92,48
spot_2785,1,92,50,92,50
spot_2786,1,92,52,92,52
spot_2787,1,92,54,92,54
spot_2788,1,92,56,92,56
spot_2789,1,92,58,92,58
spot_2790,1,93,1,93,1
spot_2791,1,93,3,93,3
spot_2792,1,93,5,93,5
spot_2793,1,93,7,93,7
spot_2794,1,93,9,93,9
spot_2795,1,93,11,93,11
spot_2796,1,93,13,93,13
spot_2797,1,93,15,93,15
spot_2798,1,93,17,93,17
spot_2799,1,93,19,93,19
spot_2800,1,93,21,93,21
spot_2801,1,93,23,93,23
spot_2802,1,93,25,93,25
spot_2803,1,93,27,93,27
spot_2804,1,93,29,93,29
spot_2805,1,93,31,93,31
spot_2806,1,93,33,93,33
spot_2807,1,93,35,93,35
spot_2808,1,93,37,93,37
spot_2809,1,93,39,93,39
spot_2810,1,93,41,93,41
spot_2811,1,93,43,93,43
spot_2812,1,93,45,93,45
spot_2813,1,93,47,93,47
spot_2814,1,93,49,93,49
spot_2815,1,93,51,93,51
spot_2816,1,93,53,93,53
spot_2817,1,93,55,93,55
spot_2818,1,93,57,93,57
spot_2819,1,93,59,93,59
spot_2820,1,94,0,94,0
spot_2821,1,94,2,94,2
spot_2822,1,94,4,94,4
spot_2823,1,94,6,94,6
spot_2824,1,94,8,94,8
spot_2825,1,94,10,94,10
spot_2826,1,94,12,94,12
spot_2827,1,94,14,94,14
spot_2828,1,94,16,94,16
spot_2829,1,94,18,94,18
spot_2830,1,94,20,94,20
spot_2831,1,94,22,94,22
spot_2832,1,94,24,94,24
spot_2833,1,94,26,94,26
spot_2834,1,94,28,94,28
spot_2835,1,94,30,94,30
spot_2836,1,94,32,94,32
spot_2837,1,94,34,94,34
spot_2838,1,94,36,94,36
spot_2839,1,94,38,94,38
spot_2840,1,94,40,94,40
spot_2841,1,94,42,94,42
spot_2842,1,94,44,94,44
spot_2843,1,94,46,94,46
spot_2844,1,94,48,94,48
spot_2845,1,94,50,94,50
spot_2846,1,94,52,94,52
spot_2847,1,94,54,94,54
spot_2848,1,94,56,94,56
spot_2849,1,94,58,94,58
spot_2850,1,95,1,95,1
spot_2851,1,95,3,95,3
spot_2852,1,95,5,95,5
spot_2853,1,95,7,95,7
spot_2854,1,95,9,95,9
spot_2855,1,95,11,95,11
spot_2856,1,95,13,95,13
spot_2857,1,95,15,95,15
spot_2858,1,95,17,95,17
spot_2859,1,95,19,95,19
spot_2860,1,95,21,95,21
spot_2861,1,95,23,95,23
spot_2862,1,95,25,95,25
spot_2863,1,95,27,95,27
spot_2864,1,95,29,95,29
spot_2865,1,95,31,95,31
spot_2866,1,95,33,95,33
spot_2867,1,95,35,95,35
spot_2868,1,95,37,95,37
spot_2869,1,95,39,95,39
spot_2870,1,95,41,95,41
spot_2871,1,95,43,95,43
spot_2872,1,95,45,95,45
spot_2873,1,95,47,95,47
spot_2874,1,95,49,95,49
spot_2875,1,95,51,95,51
spot_2876,1,95,53,95,53
spot_2877,1,95,55,95,55
spot_2878,1,95,57,95,57
spot_2879,1,95,59,95,59
spot_2880,1,96,0,96,0
spot_2881,1,96,2,96,2
spot_2882,1,96,4,96,4
spot_2883,1,96,6,96,6
spot_2884,1,96,8,96,8
spot_2885,1,96,10,96,10
spot_2886,1,96,12,96,12
spot_2887,1,96,14,96,14
spot_2888,1,96,16,96,16
spot_2889,1,96,18,96,18
spot_2890,1,96,20,96,20
spot_2891,1,96,22,96,22
spot_2892,1,96,24,96,24
spot_2893,1,96,26,96,26
spot_2894,1,96,28,96,28
spot_2895,1,96,30,96,30
spot_2896,1,96,32,96,32
spot_2897,1,96,34,96,34
spot_2898,1,96,36,96,36
spot_2899,1,96,38,96,38
spot_2900,1,96,40,96,40
spot_2901,1,96,42,96,42
spot_2902,1,96,44,96,44
spot_2903,1,96,46,96,46
spot_2904,1,96,48,96,48
spot_2905,1,96,50,96,50
spot_2906,1,96,52,96,52
spot_2907,1,96,54,96,54
spot_2908,1,96,56,96,56
spot_2909,1,96,58,96,58
spot_2910,1,97,1,97,1
spot_2911,1,97,3,97,3
spot_2912,1,97,5,97,5
spot_2913,1,97,7,97,7
spot_2914,1,97,9,97,9
spot_2915,1,97,11,97,11
spot_2916,1,97,13,97,13
spot_2917,1,97,15,97,15
spot_2918,1,97,17,97,17
spot_2919,1,97,19,97,19
spot_2920,1,97,21,97,21
spot_2921,1,97,23,97,23
spot_2922,1,97,25,97,25
spot_2923,1,97,27,97,27
spot_2924,1,97,29,97,29
spot_2925,1,97,31,97,31
spot_2926,1,97,33,97,33
spot_2927,1,97,35,97,35
spot_2928,1,97,37,97,37
spot_2929,1,97,39,97,39
spot_2930,1,97,41,97,41
spot_2931,1,97,43,97,43
spot_2932,1,97,45,97,45
spot_2933,1,97,47,97,47
spot_2934,1,97,49,97,49
spot_2935,1,97,51,97,51
spot_2936,1,97,53,97,53
spot_2937,1,97,55,97,55
spot_2938,1,97,57,97,57
spot_2939,1,97,59,97,59
spot_2940,1,98,0,98,0
spot_2941,1,98,2,98,2
spot_2942,1,98,4,98,4
spot_2943,1,98,6,98,6
spot_2944,1,98,8,98,8
spot_2945,1,98,10,98,10
spot_2946,1,98,12,98,12
spot_2947,1,98,14,98,14
spot_2948,1,98,16,98,16
spot_2949,1,98,18,98,18
spot_2950,1,98,20,98,20
spot_2951,1,98,22,98,22
spot_2952,1,98,24,98,24
spot_2953,1,98,26,98,26
spot_2954,1,98,28,98,28
spot_2955,1,98,30,98,30
spot_2956,1,98,32,98,32
spot_2957,1,98,34,98,34
spot_2958,1,98,36,98,36
spot_2959,1,98,38,98,38
spot_2960,1,98,40,98,40
spot_2961,1,98,42,98,42
spot_2962,1,98,44,98,44
spot_2963,1,98,46,98,46
spot_2964,1,98,48,98,48
spot_2965,1,98,50,98,50
spot_2966,1,98,52,98,52
spot_2967,1,98,54,98,54
spot_2968,1,98,56,98,56
spot_2969,1,98,58,98,58
spot_2970,1,99,1,99,1
spot_2971,1,99,3,99,3
spot_2972,1,99,5,99,5
spot_2973,1,99,7,99,7
spot_2974,1,99,9,99,9
spot_2975,1,99,11,99,11
spot_2976,1,99,13,99,13
spot_2977,1,99,15,99,15
spot_2978,1,99,17,99,17
spot_2979,1,99,19,99,19
spot_2980,1,99,21,99,21
spot_2981,1,99,23,99,23
spot_2982,1,99,25,99,25
spot_2983,1,99,27,99,27
spot_2984,1,99,29,99,29
spot_2985,1,99,31,99,31
spot_2986,1,99,33,99,33
spot_2987,1,99,35,99,35
spot_2988,1,99,37,99,37
spot_2989,1,99,39,99,39
spot_2990,1,99,41,99,41
spot_2991,1,99,43,99,43
spot_2992,1,99,45,99,45
spot_2993,1,99,47,99,47
spot_2994,1,99,49,99,49
spot_2995,1,99,51,99,51
spot_2996,1,99,53,99,53
spot_2997,1,99,55,99,55
spot_2998,1,99,57,99,57
spot_2999,1,99,59,99,59
