run_id	fixture	fixture_hash	metric	definition	value
c84aa06-dev-1700	dev	07b82e92	clone_ari	1	0.7927
c84aa06-dev-1700	dev	07b82e92	clone_ari_int	1	0.9242
c84aa06-dev-1700	dev	07b82e92	copy_ari	1	0.9982
c84aa06-dev-1700	dev	07b82e92	state_ari	1	0.4298
c84aa06-dev-1700	dev	07b82e92	wall_s	1	44.9
c84aa06-dev-1700	dev	07b82e92	peak_gb	1	5.25
c84aa06-dev-1700-2	dev	07b82e92	clone_ari	1	0.9795
c84aa06-dev-1700-2	dev	07b82e92	clone_ari_int	1	0.9795
c84aa06-dev-1700-2	dev	07b82e92	copy_ari	1	0.9971
c84aa06-dev-1700-2	dev	07b82e92	state_ari	1	0.2183
c84aa06-dev-1700-2	dev	07b82e92	wall_s	1	25.9
c84aa06-dev-1700-2	dev	07b82e92	peak_gb	1	3.30
7073269-r0-2251	r0	93398396	clone_ari	1	0.9997
7073269-r0-2251	r0	93398396	clone_ari_int	1	0.9997
7073269-r0-2251	r0	93398396	copy_ari	1	0.9560
7073269-r0-2251	r0	93398396	state_ari	1	0.0743
7073269-r0-2251	r0	93398396	wall_s	1	240.0
7073269-r0-2251	r0	93398396	peak_gb	1	5.73
7073269-easy-2255	easy	2d4ce9a9	clone_ari	1	0.9440
7073269-easy-2255	easy	2d4ce9a9	clone_ari_int	1	0.9440
7073269-easy-2255	easy	2d4ce9a9	copy_ari	1	0.8191
7073269-easy-2255	easy	2d4ce9a9	state_ari	1	0.0767
7073269-easy-2255	easy	2d4ce9a9	wall_s	1	232.9
7073269-easy-2255	easy	2d4ce9a9	peak_gb	1	4.02
7073269-hard-2300	hard	8797710b	clone_ari	1	0.3031
7073269-hard-2300	hard	8797710b	clone_ari_int	1	0.3031
7073269-hard-2300	hard	8797710b	copy_ari	1	0.5733
7073269-hard-2300	hard	8797710b	state_ari	1	0.0466
7073269-hard-2300	hard	8797710b	wall_s	1	298.7
7073269-hard-2300	hard	8797710b	peak_gb	1	3.68
7073269-hard-2304	hard	8797710b	clone_ari	1	0.9820
7073269-hard-2304	hard	8797710b	clone_ari_int	1	0.9820
7073269-hard-2304	hard	8797710b	copy_ari	1	0.4146
7073269-hard-2304	hard	8797710b	state_ari	1	0.0513
7073269-hard-2304	hard	8797710b	wall_s	1	242.0
7073269-hard-2304	hard	8797710b	peak_gb	1	4.02
ac00498-easy-0046	easy	2d4ce9a9	clone_ari	1	0.9861
ac00498-easy-0046	easy	2d4ce9a9	clone_ari_int	1	0.9861
ac00498-easy-0046	easy	2d4ce9a9	copy_ari	1	0.8984
ac00498-easy-0046	easy	2d4ce9a9	state_ari	1	0.0318
ac00498-easy-0046	easy	2d4ce9a9	exact_altered	1	0.2520
ac00498-easy-0046	easy	2d4ce9a9	exact_altered_pf	1	0.6299
ac00498-easy-0046	easy	2d4ce9a9	exact_loh	1	0.5333
ac00498-easy-0046	easy	2d4ce9a9	exact_loh_pf	1	0.5333
ac00498-easy-0046	easy	2d4ce9a9	exact_bgain	1	0.0000
ac00498-easy-0046	easy	2d4ce9a9	exact_bgain_pf	1	0.0000
ac00498-easy-0046	easy	2d4ce9a9	exact_ugain	1	0.0000
ac00498-easy-0046	easy	2d4ce9a9	exact_ugain_pf	1	0.9796
ac00498-easy-0046	easy	2d4ce9a9	wall_s	1	102.8
ac00498-easy-0046	easy	2d4ce9a9	peak_gb	1	3.23
4899b5f-easy-0047	easy	2d4ce9a9	clone_ari	1	0.9861
4899b5f-easy-0047	easy	2d4ce9a9	clone_ari_int	1	0.9861
4899b5f-easy-0047	easy	2d4ce9a9	copy_ari	1	0.8984
4899b5f-easy-0047	easy	2d4ce9a9	state_ari	1	0.0318
4899b5f-easy-0047	easy	2d4ce9a9	exact_altered	1	0.2520
4899b5f-easy-0047	easy	2d4ce9a9	exact_altered_pf	1	0.6299
4899b5f-easy-0047	easy	2d4ce9a9	exact_loh	1	0.5333
4899b5f-easy-0047	easy	2d4ce9a9	exact_loh_pf	1	0.5333
4899b5f-easy-0047	easy	2d4ce9a9	exact_bgain	1	0.0000
4899b5f-easy-0047	easy	2d4ce9a9	exact_bgain_pf	1	0.0000
4899b5f-easy-0047	easy	2d4ce9a9	exact_ugain	1	0.0000
4899b5f-easy-0047	easy	2d4ce9a9	exact_ugain_pf	1	0.9796
4899b5f-easy-0047	easy	2d4ce9a9	wall_s	1	99.1
4899b5f-easy-0047	easy	2d4ce9a9	peak_gb	1	3.23
aec3403-easy-0049	easy	2d4ce9a9	clone_ari	1	0.9861
aec3403-easy-0049	easy	2d4ce9a9	clone_ari_int	1	0.9861
aec3403-easy-0049	easy	2d4ce9a9	copy_ari	1	0.8984
aec3403-easy-0049	easy	2d4ce9a9	state_ari	1	0.0318
aec3403-easy-0049	easy	2d4ce9a9	exact_altered	1	0.2520
aec3403-easy-0049	easy	2d4ce9a9	exact_altered_pf	1	0.6299
aec3403-easy-0049	easy	2d4ce9a9	exact_loh	1	0.5333
aec3403-easy-0049	easy	2d4ce9a9	exact_loh_pf	1	0.5333
aec3403-easy-0049	easy	2d4ce9a9	exact_bgain	1	0.0000
aec3403-easy-0049	easy	2d4ce9a9	exact_bgain_pf	1	0.0000
aec3403-easy-0049	easy	2d4ce9a9	exact_ugain	1	0.0000
aec3403-easy-0049	easy	2d4ce9a9	exact_ugain_pf	1	0.9796
aec3403-easy-0049	easy	2d4ce9a9	wall_s	1	98.8
aec3403-easy-0049	easy	2d4ce9a9	peak_gb	1	3.23
558a172-easy-0051	easy	2d4ce9a9	clone_ari	1	0.9861
558a172-easy-0051	easy	2d4ce9a9	clone_ari_int	1	0.9861
558a172-easy-0051	easy	2d4ce9a9	copy_ari	1	0.8984
558a172-easy-0051	easy	2d4ce9a9	state_ari	1	0.0318
558a172-easy-0051	easy	2d4ce9a9	exact_altered	1	0.2520
558a172-easy-0051	easy	2d4ce9a9	exact_altered_pf	1	0.6299
558a172-easy-0051	easy	2d4ce9a9	exact_loh	1	0.5333
558a172-easy-0051	easy	2d4ce9a9	exact_loh_pf	1	0.5333
558a172-easy-0051	easy	2d4ce9a9	exact_bgain	1	0.0000
558a172-easy-0051	easy	2d4ce9a9	exact_bgain_pf	1	0.0000
558a172-easy-0051	easy	2d4ce9a9	exact_ugain	1	0.0000
558a172-easy-0051	easy	2d4ce9a9	exact_ugain_pf	1	0.9796
558a172-easy-0051	easy	2d4ce9a9	wall_s	1	101.6
558a172-easy-0051	easy	2d4ce9a9	peak_gb	1	3.23
c954cf2-easy-0053	easy	2d4ce9a9	clone_ari	1	0.9861
c954cf2-easy-0053	easy	2d4ce9a9	clone_ari_int	1	0.9861
c954cf2-easy-0053	easy	2d4ce9a9	copy_ari	1	0.8984
c954cf2-easy-0053	easy	2d4ce9a9	state_ari	1	0.0318
c954cf2-easy-0053	easy	2d4ce9a9	exact_altered	1	0.2520
c954cf2-easy-0053	easy	2d4ce9a9	exact_altered_pf	1	0.6299
c954cf2-easy-0053	easy	2d4ce9a9	exact_loh	1	0.5333
c954cf2-easy-0053	easy	2d4ce9a9	exact_loh_pf	1	0.5333
c954cf2-easy-0053	easy	2d4ce9a9	exact_bgain	1	0.0000
c954cf2-easy-0053	easy	2d4ce9a9	exact_bgain_pf	1	0.0000
c954cf2-easy-0053	easy	2d4ce9a9	exact_ugain	1	0.0000
c954cf2-easy-0053	easy	2d4ce9a9	exact_ugain_pf	1	0.9796
c954cf2-easy-0053	easy	2d4ce9a9	wall_s	1	101.5
c954cf2-easy-0053	easy	2d4ce9a9	peak_gb	1	3.23
dea5754-easy-0054	easy	2d4ce9a9	clone_ari	1	0.9861
dea5754-easy-0054	easy	2d4ce9a9	clone_ari_int	1	0.9861
dea5754-easy-0054	easy	2d4ce9a9	copy_ari	1	0.8984
dea5754-easy-0054	easy	2d4ce9a9	state_ari	1	0.0318
dea5754-easy-0054	easy	2d4ce9a9	exact_altered	1	0.2520
dea5754-easy-0054	easy	2d4ce9a9	exact_altered_pf	1	0.6299
dea5754-easy-0054	easy	2d4ce9a9	exact_loh	1	0.5333
dea5754-easy-0054	easy	2d4ce9a9	exact_loh_pf	1	0.5333
dea5754-easy-0054	easy	2d4ce9a9	exact_bgain	1	0.0000
dea5754-easy-0054	easy	2d4ce9a9	exact_bgain_pf	1	0.0000
dea5754-easy-0054	easy	2d4ce9a9	exact_ugain	1	0.0000
dea5754-easy-0054	easy	2d4ce9a9	exact_ugain_pf	1	0.9796
dea5754-easy-0054	easy	2d4ce9a9	wall_s	1	98.7
dea5754-easy-0054	easy	2d4ce9a9	peak_gb	1	3.23
f613bdc-easy-0056	easy	2d4ce9a9	clone_ari	1	0.9861
f613bdc-easy-0056	easy	2d4ce9a9	clone_ari_int	1	0.9861
f613bdc-easy-0056	easy	2d4ce9a9	copy_ari	1	0.8984
f613bdc-easy-0056	easy	2d4ce9a9	state_ari	1	0.0318
f613bdc-easy-0056	easy	2d4ce9a9	exact_altered	1	0.2520
f613bdc-easy-0056	easy	2d4ce9a9	exact_altered_pf	1	0.6299
f613bdc-easy-0056	easy	2d4ce9a9	exact_loh	1	0.5333
f613bdc-easy-0056	easy	2d4ce9a9	exact_loh_pf	1	0.5333
f613bdc-easy-0056	easy	2d4ce9a9	exact_bgain	1	0.0000
f613bdc-easy-0056	easy	2d4ce9a9	exact_bgain_pf	1	0.0000
f613bdc-easy-0056	easy	2d4ce9a9	exact_ugain	1	0.0000
f613bdc-easy-0056	easy	2d4ce9a9	exact_ugain_pf	1	0.9796
f613bdc-easy-0056	easy	2d4ce9a9	wall_s	1	98.6
f613bdc-easy-0056	easy	2d4ce9a9	peak_gb	1	3.23
4cbd805-easy-0058	easy	2d4ce9a9	clone_ari	1	0.9861
4cbd805-easy-0058	easy	2d4ce9a9	clone_ari_int	1	0.9861
4cbd805-easy-0058	easy	2d4ce9a9	copy_ari	1	0.8984
4cbd805-easy-0058	easy	2d4ce9a9	state_ari	1	0.0318
4cbd805-easy-0058	easy	2d4ce9a9	exact_altered	1	0.2520
4cbd805-easy-0058	easy	2d4ce9a9	exact_altered_pf	1	0.6299
4cbd805-easy-0058	easy	2d4ce9a9	exact_loh	1	0.5333
4cbd805-easy-0058	easy	2d4ce9a9	exact_loh_pf	1	0.5333
4cbd805-easy-0058	easy	2d4ce9a9	exact_bgain	1	0.0000
4cbd805-easy-0058	easy	2d4ce9a9	exact_bgain_pf	1	0.0000
4cbd805-easy-0058	easy	2d4ce9a9	exact_ugain	1	0.0000
4cbd805-easy-0058	easy	2d4ce9a9	exact_ugain_pf	1	0.9796
4cbd805-easy-0058	easy	2d4ce9a9	wall_s	1	100.5
4cbd805-easy-0058	easy	2d4ce9a9	peak_gb	1	3.23
5244002-easy-0100	easy	2d4ce9a9	clone_ari	1	0.9861
5244002-easy-0100	easy	2d4ce9a9	clone_ari_int	1	0.9861
5244002-easy-0100	easy	2d4ce9a9	copy_ari	1	0.8984
5244002-easy-0100	easy	2d4ce9a9	state_ari	1	0.0318
5244002-easy-0100	easy	2d4ce9a9	exact_altered	1	0.2520
5244002-easy-0100	easy	2d4ce9a9	exact_altered_pf	1	0.6299
5244002-easy-0100	easy	2d4ce9a9	exact_loh	1	0.5333
5244002-easy-0100	easy	2d4ce9a9	exact_loh_pf	1	0.5333
5244002-easy-0100	easy	2d4ce9a9	exact_bgain	1	0.0000
5244002-easy-0100	easy	2d4ce9a9	exact_bgain_pf	1	0.0000
5244002-easy-0100	easy	2d4ce9a9	exact_ugain	1	0.0000
5244002-easy-0100	easy	2d4ce9a9	exact_ugain_pf	1	0.9796
5244002-easy-0100	easy	2d4ce9a9	wall_s	1	99.7
5244002-easy-0100	easy	2d4ce9a9	peak_gb	1	3.23
a49efb2-easy-0101	easy	2d4ce9a9	clone_ari	1	0.9861
a49efb2-easy-0101	easy	2d4ce9a9	clone_ari_int	1	0.9861
a49efb2-easy-0101	easy	2d4ce9a9	copy_ari	1	0.8984
a49efb2-easy-0101	easy	2d4ce9a9	state_ari	1	0.0318
a49efb2-easy-0101	easy	2d4ce9a9	exact_altered	1	0.2520
a49efb2-easy-0101	easy	2d4ce9a9	exact_altered_pf	1	0.6299
a49efb2-easy-0101	easy	2d4ce9a9	exact_loh	1	0.5333
a49efb2-easy-0101	easy	2d4ce9a9	exact_loh_pf	1	0.5333
a49efb2-easy-0101	easy	2d4ce9a9	exact_bgain	1	0.0000
a49efb2-easy-0101	easy	2d4ce9a9	exact_bgain_pf	1	0.0000
a49efb2-easy-0101	easy	2d4ce9a9	exact_ugain	1	0.0000
a49efb2-easy-0101	easy	2d4ce9a9	exact_ugain_pf	1	0.9796
a49efb2-easy-0101	easy	2d4ce9a9	wall_s	1	99.4
a49efb2-easy-0101	easy	2d4ce9a9	peak_gb	1	3.23
6f06591-easy-0103	easy	2d4ce9a9	clone_ari	1	0.9861
6f06591-easy-0103	easy	2d4ce9a9	clone_ari_int	1	0.9861
6f06591-easy-0103	easy	2d4ce9a9	copy_ari	1	0.8984
6f06591-easy-0103	easy	2d4ce9a9	state_ari	1	0.0318
6f06591-easy-0103	easy	2d4ce9a9	exact_altered	1	0.2520
6f06591-easy-0103	easy	2d4ce9a9	exact_altered_pf	1	0.6299
6f06591-easy-0103	easy	2d4ce9a9	exact_loh	1	0.5333
6f06591-easy-0103	easy	2d4ce9a9	exact_loh_pf	1	0.5333
6f06591-easy-0103	easy	2d4ce9a9	exact_bgain	1	0.0000
6f06591-easy-0103	easy	2d4ce9a9	exact_bgain_pf	1	0.0000
6f06591-easy-0103	easy	2d4ce9a9	exact_ugain	1	0.0000
6f06591-easy-0103	easy	2d4ce9a9	exact_ugain_pf	1	0.9796
6f06591-easy-0103	easy	2d4ce9a9	wall_s	1	100.2
6f06591-easy-0103	easy	2d4ce9a9	peak_gb	1	3.23
ac00498-hard-0105	hard	8797710b	clone_ari	1	0.9829
ac00498-hard-0105	hard	8797710b	clone_ari_int	1	0.9829
ac00498-hard-0105	hard	8797710b	copy_ari	1	0.9055
ac00498-hard-0105	hard	8797710b	state_ari	1	0.0354
ac00498-hard-0105	hard	8797710b	exact_altered	1	0.0355
ac00498-hard-0105	hard	8797710b	exact_altered_pf	1	0.6272
ac00498-hard-0105	hard	8797710b	exact_loh	1	0.0000
ac00498-hard-0105	hard	8797710b	exact_loh_pf	1	0.5421
ac00498-hard-0105	hard	8797710b	exact_bgain	1	0.0000
ac00498-hard-0105	hard	8797710b	exact_bgain_pf	1	0.0000
ac00498-hard-0105	hard	8797710b	exact_ugain	1	0.1071
ac00498-hard-0105	hard	8797710b	exact_ugain_pf	1	0.8571
ac00498-hard-0105	hard	8797710b	wall_s	1	95.5
ac00498-hard-0105	hard	8797710b	peak_gb	1	3.20
4899b5f-hard-0106	hard	8797710b	clone_ari	1	0.9829
4899b5f-hard-0106	hard	8797710b	clone_ari_int	1	0.9829
4899b5f-hard-0106	hard	8797710b	copy_ari	1	0.9055
4899b5f-hard-0106	hard	8797710b	state_ari	1	0.0354
4899b5f-hard-0106	hard	8797710b	exact_altered	1	0.0355
4899b5f-hard-0106	hard	8797710b	exact_altered_pf	1	0.6272
4899b5f-hard-0106	hard	8797710b	exact_loh	1	0.0000
4899b5f-hard-0106	hard	8797710b	exact_loh_pf	1	0.5421
4899b5f-hard-0106	hard	8797710b	exact_bgain	1	0.0000
4899b5f-hard-0106	hard	8797710b	exact_bgain_pf	1	0.0000
4899b5f-hard-0106	hard	8797710b	exact_ugain	1	0.1071
4899b5f-hard-0106	hard	8797710b	exact_ugain_pf	1	0.8571
4899b5f-hard-0106	hard	8797710b	wall_s	1	85.3
4899b5f-hard-0106	hard	8797710b	peak_gb	1	3.19
aec3403-hard-0108	hard	8797710b	clone_ari	1	0.9829
aec3403-hard-0108	hard	8797710b	clone_ari_int	1	0.9829
aec3403-hard-0108	hard	8797710b	copy_ari	1	0.9055
aec3403-hard-0108	hard	8797710b	state_ari	1	0.0354
aec3403-hard-0108	hard	8797710b	exact_altered	1	0.0355
aec3403-hard-0108	hard	8797710b	exact_altered_pf	1	0.6272
aec3403-hard-0108	hard	8797710b	exact_loh	1	0.0000
aec3403-hard-0108	hard	8797710b	exact_loh_pf	1	0.5421
aec3403-hard-0108	hard	8797710b	exact_bgain	1	0.0000
aec3403-hard-0108	hard	8797710b	exact_bgain_pf	1	0.0000
aec3403-hard-0108	hard	8797710b	exact_ugain	1	0.1071
aec3403-hard-0108	hard	8797710b	exact_ugain_pf	1	0.8571
aec3403-hard-0108	hard	8797710b	wall_s	1	88.5
aec3403-hard-0108	hard	8797710b	peak_gb	1	3.19
558a172-hard-0110	hard	8797710b	clone_ari	1	0.9829
558a172-hard-0110	hard	8797710b	clone_ari_int	1	0.9829
558a172-hard-0110	hard	8797710b	copy_ari	1	0.9055
558a172-hard-0110	hard	8797710b	state_ari	1	0.0354
558a172-hard-0110	hard	8797710b	exact_altered	1	0.0355
558a172-hard-0110	hard	8797710b	exact_altered_pf	1	0.6272
558a172-hard-0110	hard	8797710b	exact_loh	1	0.0000
558a172-hard-0110	hard	8797710b	exact_loh_pf	1	0.5421
558a172-hard-0110	hard	8797710b	exact_bgain	1	0.0000
558a172-hard-0110	hard	8797710b	exact_bgain_pf	1	0.0000
558a172-hard-0110	hard	8797710b	exact_ugain	1	0.1071
558a172-hard-0110	hard	8797710b	exact_ugain_pf	1	0.8571
558a172-hard-0110	hard	8797710b	wall_s	1	88.7
558a172-hard-0110	hard	8797710b	peak_gb	1	3.20
4691d71-easy-0111	easy	2d4ce9a9	clone_ari	1	0.9861
4691d71-easy-0111	easy	2d4ce9a9	clone_ari_int	1	0.9861
4691d71-easy-0111	easy	2d4ce9a9	copy_ari	1	0.8984
4691d71-easy-0111	easy	2d4ce9a9	state_ari	1	0.0318
4691d71-easy-0111	easy	2d4ce9a9	exact_altered	1	0.2520
4691d71-easy-0111	easy	2d4ce9a9	exact_altered_pf	1	0.6299
4691d71-easy-0111	easy	2d4ce9a9	exact_loh	1	0.5333
4691d71-easy-0111	easy	2d4ce9a9	exact_loh_pf	1	0.5333
4691d71-easy-0111	easy	2d4ce9a9	exact_bgain	1	0.0000
4691d71-easy-0111	easy	2d4ce9a9	exact_bgain_pf	1	0.0000
4691d71-easy-0111	easy	2d4ce9a9	exact_ugain	1	0.0000
4691d71-easy-0111	easy	2d4ce9a9	exact_ugain_pf	1	0.9796
4691d71-easy-0111	easy	2d4ce9a9	wall_s	1	102.4
4691d71-easy-0111	easy	2d4ce9a9	peak_gb	1	3.23
c954cf2-hard-0113	hard	8797710b	clone_ari	1	0.9829
c954cf2-hard-0113	hard	8797710b	clone_ari_int	1	0.9829
c954cf2-hard-0113	hard	8797710b	copy_ari	1	0.9055
c954cf2-hard-0113	hard	8797710b	state_ari	1	0.0354
c954cf2-hard-0113	hard	8797710b	exact_altered	1	0.0355
c954cf2-hard-0113	hard	8797710b	exact_altered_pf	1	0.6272
c954cf2-hard-0113	hard	8797710b	exact_loh	1	0.0000
c954cf2-hard-0113	hard	8797710b	exact_loh_pf	1	0.5421
c954cf2-hard-0113	hard	8797710b	exact_bgain	1	0.0000
c954cf2-hard-0113	hard	8797710b	exact_bgain_pf	1	0.0000
c954cf2-hard-0113	hard	8797710b	exact_ugain	1	0.1071
c954cf2-hard-0113	hard	8797710b	exact_ugain_pf	1	0.8571
c954cf2-hard-0113	hard	8797710b	wall_s	1	85.0
c954cf2-hard-0113	hard	8797710b	peak_gb	1	3.20
453386d-easy-0115	easy	2d4ce9a9	clone_ari	1	0.9861
453386d-easy-0115	easy	2d4ce9a9	clone_ari_int	1	0.9861
453386d-easy-0115	easy	2d4ce9a9	copy_ari	1	0.8984
453386d-easy-0115	easy	2d4ce9a9	state_ari	1	0.0318
453386d-easy-0115	easy	2d4ce9a9	exact_altered	1	0.2520
453386d-easy-0115	easy	2d4ce9a9	exact_altered_pf	1	0.6299
453386d-easy-0115	easy	2d4ce9a9	exact_loh	1	0.5333
453386d-easy-0115	easy	2d4ce9a9	exact_loh_pf	1	0.5333
453386d-easy-0115	easy	2d4ce9a9	exact_bgain	1	0.0000
453386d-easy-0115	easy	2d4ce9a9	exact_bgain_pf	1	0.0000
453386d-easy-0115	easy	2d4ce9a9	exact_ugain	1	0.0000
453386d-easy-0115	easy	2d4ce9a9	exact_ugain_pf	1	0.9796
453386d-easy-0115	easy	2d4ce9a9	wall_s	1	104.4
453386d-easy-0115	easy	2d4ce9a9	peak_gb	1	3.23
dea5754-hard-0116	hard	8797710b	clone_ari	1	0.9829
dea5754-hard-0116	hard	8797710b	clone_ari_int	1	0.9829
dea5754-hard-0116	hard	8797710b	copy_ari	1	0.9055
dea5754-hard-0116	hard	8797710b	state_ari	1	0.0354
dea5754-hard-0116	hard	8797710b	exact_altered	1	0.0355
dea5754-hard-0116	hard	8797710b	exact_altered_pf	1	0.6272
dea5754-hard-0116	hard	8797710b	exact_loh	1	0.0000
dea5754-hard-0116	hard	8797710b	exact_loh_pf	1	0.5421
dea5754-hard-0116	hard	8797710b	exact_bgain	1	0.0000
dea5754-hard-0116	hard	8797710b	exact_bgain_pf	1	0.0000
dea5754-hard-0116	hard	8797710b	exact_ugain	1	0.1071
dea5754-hard-0116	hard	8797710b	exact_ugain_pf	1	0.8571
dea5754-hard-0116	hard	8797710b	wall_s	1	86.3
dea5754-hard-0116	hard	8797710b	peak_gb	1	3.20
f5e3ba7-easy-0118	easy	2d4ce9a9	clone_ari	1	0.9861
f5e3ba7-easy-0118	easy	2d4ce9a9	clone_ari_int	1	0.9861
f5e3ba7-easy-0118	easy	2d4ce9a9	copy_ari	1	0.8984
f5e3ba7-easy-0118	easy	2d4ce9a9	state_ari	1	0.0318
f5e3ba7-easy-0118	easy	2d4ce9a9	exact_altered	1	0.2520
f5e3ba7-easy-0118	easy	2d4ce9a9	exact_altered_pf	1	0.6299
f5e3ba7-easy-0118	easy	2d4ce9a9	exact_loh	1	0.5333
f5e3ba7-easy-0118	easy	2d4ce9a9	exact_loh_pf	1	0.5333
f5e3ba7-easy-0118	easy	2d4ce9a9	exact_bgain	1	0.0000
f5e3ba7-easy-0118	easy	2d4ce9a9	exact_bgain_pf	1	0.0000
f5e3ba7-easy-0118	easy	2d4ce9a9	exact_ugain	1	0.0000
f5e3ba7-easy-0118	easy	2d4ce9a9	exact_ugain_pf	1	0.9796
f5e3ba7-easy-0118	easy	2d4ce9a9	wall_s	1	105.8
f5e3ba7-easy-0118	easy	2d4ce9a9	peak_gb	1	3.23
f613bdc-hard-0120	hard	8797710b	clone_ari	1	0.9829
f613bdc-hard-0120	hard	8797710b	clone_ari_int	1	0.9829
f613bdc-hard-0120	hard	8797710b	copy_ari	1	0.9055
f613bdc-hard-0120	hard	8797710b	state_ari	1	0.0354
f613bdc-hard-0120	hard	8797710b	exact_altered	1	0.0355
f613bdc-hard-0120	hard	8797710b	exact_altered_pf	1	0.6272
f613bdc-hard-0120	hard	8797710b	exact_loh	1	0.0000
f613bdc-hard-0120	hard	8797710b	exact_loh_pf	1	0.5421
f613bdc-hard-0120	hard	8797710b	exact_bgain	1	0.0000
f613bdc-hard-0120	hard	8797710b	exact_bgain_pf	1	0.0000
f613bdc-hard-0120	hard	8797710b	exact_ugain	1	0.1071
f613bdc-hard-0120	hard	8797710b	exact_ugain_pf	1	0.8571
f613bdc-hard-0120	hard	8797710b	wall_s	1	88.1
f613bdc-hard-0120	hard	8797710b	peak_gb	1	3.20
27b7b5b-easy-0122	easy	2d4ce9a9	clone_ari	1	0.9861
27b7b5b-easy-0122	easy	2d4ce9a9	clone_ari_int	1	0.9861
27b7b5b-easy-0122	easy	2d4ce9a9	copy_ari	1	0.8984
27b7b5b-easy-0122	easy	2d4ce9a9	state_ari	1	0.0318
27b7b5b-easy-0122	easy	2d4ce9a9	exact_altered	1	0.2520
27b7b5b-easy-0122	easy	2d4ce9a9	exact_altered_pf	1	0.6299
27b7b5b-easy-0122	easy	2d4ce9a9	exact_loh	1	0.5333
27b7b5b-easy-0122	easy	2d4ce9a9	exact_loh_pf	1	0.5333
27b7b5b-easy-0122	easy	2d4ce9a9	exact_bgain	1	0.0000
27b7b5b-easy-0122	easy	2d4ce9a9	exact_bgain_pf	1	0.0000
27b7b5b-easy-0122	easy	2d4ce9a9	exact_ugain	1	0.0000
27b7b5b-easy-0122	easy	2d4ce9a9	exact_ugain_pf	1	0.9796
27b7b5b-easy-0122	easy	2d4ce9a9	wall_s	1	102.9
27b7b5b-easy-0122	easy	2d4ce9a9	peak_gb	1	3.23
4cbd805-hard-0123	hard	8797710b	clone_ari	1	0.9829
4cbd805-hard-0123	hard	8797710b	clone_ari_int	1	0.9829
4cbd805-hard-0123	hard	8797710b	copy_ari	1	0.9055
4cbd805-hard-0123	hard	8797710b	state_ari	1	0.0354
4cbd805-hard-0123	hard	8797710b	exact_altered	1	0.0355
4cbd805-hard-0123	hard	8797710b	exact_altered_pf	1	0.6272
4cbd805-hard-0123	hard	8797710b	exact_loh	1	0.0000
4cbd805-hard-0123	hard	8797710b	exact_loh_pf	1	0.5421
4cbd805-hard-0123	hard	8797710b	exact_bgain	1	0.0000
4cbd805-hard-0123	hard	8797710b	exact_bgain_pf	1	0.0000
4cbd805-hard-0123	hard	8797710b	exact_ugain	1	0.1071
4cbd805-hard-0123	hard	8797710b	exact_ugain_pf	1	0.8571
4cbd805-hard-0123	hard	8797710b	wall_s	1	89.5
4cbd805-hard-0123	hard	8797710b	peak_gb	1	3.19
a3c2782-easy-0125	easy	2d4ce9a9	clone_ari	1	0.9861
a3c2782-easy-0125	easy	2d4ce9a9	clone_ari_int	1	0.9861
a3c2782-easy-0125	easy	2d4ce9a9	copy_ari	1	0.8984
a3c2782-easy-0125	easy	2d4ce9a9	state_ari	1	0.0318
a3c2782-easy-0125	easy	2d4ce9a9	exact_altered	1	0.2520
a3c2782-easy-0125	easy	2d4ce9a9	exact_altered_pf	1	0.6299
a3c2782-easy-0125	easy	2d4ce9a9	exact_loh	1	0.5333
a3c2782-easy-0125	easy	2d4ce9a9	exact_loh_pf	1	0.5333
a3c2782-easy-0125	easy	2d4ce9a9	exact_bgain	1	0.0000
a3c2782-easy-0125	easy	2d4ce9a9	exact_bgain_pf	1	0.0000
a3c2782-easy-0125	easy	2d4ce9a9	exact_ugain	1	0.0000
a3c2782-easy-0125	easy	2d4ce9a9	exact_ugain_pf	1	0.9796
a3c2782-easy-0125	easy	2d4ce9a9	wall_s	1	100.7
a3c2782-easy-0125	easy	2d4ce9a9	peak_gb	1	3.23
5244002-hard-0127	hard	8797710b	clone_ari	1	0.9829
5244002-hard-0127	hard	8797710b	clone_ari_int	1	0.9829
5244002-hard-0127	hard	8797710b	copy_ari	1	0.9055
5244002-hard-0127	hard	8797710b	state_ari	1	0.0354
5244002-hard-0127	hard	8797710b	exact_altered	1	0.0355
5244002-hard-0127	hard	8797710b	exact_altered_pf	1	0.6272
5244002-hard-0127	hard	8797710b	exact_loh	1	0.0000
5244002-hard-0127	hard	8797710b	exact_loh_pf	1	0.5421
5244002-hard-0127	hard	8797710b	exact_bgain	1	0.0000
5244002-hard-0127	hard	8797710b	exact_bgain_pf	1	0.0000
5244002-hard-0127	hard	8797710b	exact_ugain	1	0.1071
5244002-hard-0127	hard	8797710b	exact_ugain_pf	1	0.8571
5244002-hard-0127	hard	8797710b	wall_s	1	88.0
5244002-hard-0127	hard	8797710b	peak_gb	1	3.19
3221e7a-easy-0128	easy	2d4ce9a9	clone_ari	1	0.9861
3221e7a-easy-0128	easy	2d4ce9a9	clone_ari_int	1	0.9861
3221e7a-easy-0128	easy	2d4ce9a9	copy_ari	1	0.8984
3221e7a-easy-0128	easy	2d4ce9a9	state_ari	1	0.0318
3221e7a-easy-0128	easy	2d4ce9a9	exact_altered	1	0.2520
3221e7a-easy-0128	easy	2d4ce9a9	exact_altered_pf	1	0.6299
3221e7a-easy-0128	easy	2d4ce9a9	exact_loh	1	0.5333
3221e7a-easy-0128	easy	2d4ce9a9	exact_loh_pf	1	0.5333
3221e7a-easy-0128	easy	2d4ce9a9	exact_bgain	1	0.0000
3221e7a-easy-0128	easy	2d4ce9a9	exact_bgain_pf	1	0.0000
3221e7a-easy-0128	easy	2d4ce9a9	exact_ugain	1	0.0000
3221e7a-easy-0128	easy	2d4ce9a9	exact_ugain_pf	1	0.9796
3221e7a-easy-0128	easy	2d4ce9a9	wall_s	1	102.0
3221e7a-easy-0128	easy	2d4ce9a9	peak_gb	1	3.23
a49efb2-hard-0130	hard	8797710b	clone_ari	1	0.9829
a49efb2-hard-0130	hard	8797710b	clone_ari_int	1	0.9829
a49efb2-hard-0130	hard	8797710b	copy_ari	1	0.9055
a49efb2-hard-0130	hard	8797710b	state_ari	1	0.0354
a49efb2-hard-0130	hard	8797710b	exact_altered	1	0.0355
a49efb2-hard-0130	hard	8797710b	exact_altered_pf	1	0.6272
a49efb2-hard-0130	hard	8797710b	exact_loh	1	0.0000
a49efb2-hard-0130	hard	8797710b	exact_loh_pf	1	0.5421
a49efb2-hard-0130	hard	8797710b	exact_bgain	1	0.0000
a49efb2-hard-0130	hard	8797710b	exact_bgain_pf	1	0.0000
a49efb2-hard-0130	hard	8797710b	exact_ugain	1	0.1071
a49efb2-hard-0130	hard	8797710b	exact_ugain_pf	1	0.8571
a49efb2-hard-0130	hard	8797710b	wall_s	1	87.1
a49efb2-hard-0130	hard	8797710b	peak_gb	1	3.19
b221738-easy-0132	easy	2d4ce9a9	clone_ari	1	0.9861
b221738-easy-0132	easy	2d4ce9a9	clone_ari_int	1	0.9861
b221738-easy-0132	easy	2d4ce9a9	copy_ari	1	0.8984
b221738-easy-0132	easy	2d4ce9a9	state_ari	1	0.0318
b221738-easy-0132	easy	2d4ce9a9	exact_altered	1	0.2520
b221738-easy-0132	easy	2d4ce9a9	exact_altered_pf	1	0.6299
b221738-easy-0132	easy	2d4ce9a9	exact_loh	1	0.5333
b221738-easy-0132	easy	2d4ce9a9	exact_loh_pf	1	0.5333
b221738-easy-0132	easy	2d4ce9a9	exact_bgain	1	0.0000
b221738-easy-0132	easy	2d4ce9a9	exact_bgain_pf	1	0.0000
b221738-easy-0132	easy	2d4ce9a9	exact_ugain	1	0.0000
b221738-easy-0132	easy	2d4ce9a9	exact_ugain_pf	1	0.9796
b221738-easy-0132	easy	2d4ce9a9	wall_s	1	112.4
b221738-easy-0132	easy	2d4ce9a9	peak_gb	1	3.23
6f06591-hard-0133	hard	8797710b	clone_ari	1	0.9829
6f06591-hard-0133	hard	8797710b	clone_ari_int	1	0.9829
6f06591-hard-0133	hard	8797710b	copy_ari	1	0.9055
6f06591-hard-0133	hard	8797710b	state_ari	1	0.0354
6f06591-hard-0133	hard	8797710b	exact_altered	1	0.0355
6f06591-hard-0133	hard	8797710b	exact_altered_pf	1	0.6272
6f06591-hard-0133	hard	8797710b	exact_loh	1	0.0000
6f06591-hard-0133	hard	8797710b	exact_loh_pf	1	0.5421
6f06591-hard-0133	hard	8797710b	exact_bgain	1	0.0000
6f06591-hard-0133	hard	8797710b	exact_bgain_pf	1	0.0000
6f06591-hard-0133	hard	8797710b	exact_ugain	1	0.1071
6f06591-hard-0133	hard	8797710b	exact_ugain_pf	1	0.8571
6f06591-hard-0133	hard	8797710b	wall_s	1	86.8
6f06591-hard-0133	hard	8797710b	peak_gb	1	3.19
261c8b2-easy-0136	easy	2d4ce9a9	clone_ari	1	0.9861
261c8b2-easy-0136	easy	2d4ce9a9	clone_ari_int	1	0.9861
261c8b2-easy-0136	easy	2d4ce9a9	copy_ari	1	0.8984
261c8b2-easy-0136	easy	2d4ce9a9	state_ari	1	0.0318
261c8b2-easy-0136	easy	2d4ce9a9	exact_altered	1	0.2520
261c8b2-easy-0136	easy	2d4ce9a9	exact_altered_pf	1	0.6299
261c8b2-easy-0136	easy	2d4ce9a9	exact_loh	1	0.5333
261c8b2-easy-0136	easy	2d4ce9a9	exact_loh_pf	1	0.5333
261c8b2-easy-0136	easy	2d4ce9a9	exact_bgain	1	0.0000
261c8b2-easy-0136	easy	2d4ce9a9	exact_bgain_pf	1	0.0000
261c8b2-easy-0136	easy	2d4ce9a9	exact_ugain	1	0.0000
261c8b2-easy-0136	easy	2d4ce9a9	exact_ugain_pf	1	0.9796
261c8b2-easy-0136	easy	2d4ce9a9	wall_s	1	145.5
261c8b2-easy-0136	easy	2d4ce9a9	peak_gb	1	3.23
4691d71-hard-0138	hard	8797710b	clone_ari	1	0.9829
4691d71-hard-0138	hard	8797710b	clone_ari_int	1	0.9829
4691d71-hard-0138	hard	8797710b	copy_ari	1	0.9055
4691d71-hard-0138	hard	8797710b	state_ari	1	0.0354
4691d71-hard-0138	hard	8797710b	exact_altered	1	0.0355
4691d71-hard-0138	hard	8797710b	exact_altered_pf	1	0.6272
4691d71-hard-0138	hard	8797710b	exact_loh	1	0.0000
4691d71-hard-0138	hard	8797710b	exact_loh_pf	1	0.5421
4691d71-hard-0138	hard	8797710b	exact_bgain	1	0.0000
4691d71-hard-0138	hard	8797710b	exact_bgain_pf	1	0.0000
4691d71-hard-0138	hard	8797710b	exact_ugain	1	0.1071
4691d71-hard-0138	hard	8797710b	exact_ugain_pf	1	0.8571
4691d71-hard-0138	hard	8797710b	wall_s	1	85.9
4691d71-hard-0138	hard	8797710b	peak_gb	1	3.19
dd7e397-easy-0140	easy	2d4ce9a9	clone_ari	1	0.9861
dd7e397-easy-0140	easy	2d4ce9a9	clone_ari_int	1	0.9861
dd7e397-easy-0140	easy	2d4ce9a9	copy_ari	1	0.8984
dd7e397-easy-0140	easy	2d4ce9a9	state_ari	1	0.0318
dd7e397-easy-0140	easy	2d4ce9a9	exact_altered	1	0.2520
dd7e397-easy-0140	easy	2d4ce9a9	exact_altered_pf	1	0.6299
dd7e397-easy-0140	easy	2d4ce9a9	exact_loh	1	0.5333
dd7e397-easy-0140	easy	2d4ce9a9	exact_loh_pf	1	0.5333
dd7e397-easy-0140	easy	2d4ce9a9	exact_bgain	1	0.0000
dd7e397-easy-0140	easy	2d4ce9a9	exact_bgain_pf	1	0.0000
dd7e397-easy-0140	easy	2d4ce9a9	exact_ugain	1	0.0000
dd7e397-easy-0140	easy	2d4ce9a9	exact_ugain_pf	1	0.9796
dd7e397-easy-0140	easy	2d4ce9a9	wall_s	1	142.6
dd7e397-easy-0140	easy	2d4ce9a9	peak_gb	1	3.23
453386d-hard-0142	hard	8797710b	clone_ari	1	0.9829
453386d-hard-0142	hard	8797710b	clone_ari_int	1	0.9829
453386d-hard-0142	hard	8797710b	copy_ari	1	0.9055
453386d-hard-0142	hard	8797710b	state_ari	1	0.0354
453386d-hard-0142	hard	8797710b	exact_altered	1	0.0355
453386d-hard-0142	hard	8797710b	exact_altered_pf	1	0.6272
453386d-hard-0142	hard	8797710b	exact_loh	1	0.0000
453386d-hard-0142	hard	8797710b	exact_loh_pf	1	0.5421
453386d-hard-0142	hard	8797710b	exact_bgain	1	0.0000
453386d-hard-0142	hard	8797710b	exact_bgain_pf	1	0.0000
453386d-hard-0142	hard	8797710b	exact_ugain	1	0.1071
453386d-hard-0142	hard	8797710b	exact_ugain_pf	1	0.8571
453386d-hard-0142	hard	8797710b	wall_s	1	84.0
453386d-hard-0142	hard	8797710b	peak_gb	1	3.19
c812e6a-easy-0143	easy	2d4ce9a9	clone_ari	1	0.9861
c812e6a-easy-0143	easy	2d4ce9a9	clone_ari_int	1	0.9861
c812e6a-easy-0143	easy	2d4ce9a9	copy_ari	1	0.2572
c812e6a-easy-0143	easy	2d4ce9a9	state_ari	1	0.0709
c812e6a-easy-0143	easy	2d4ce9a9	exact_altered	1	0.2520
c812e6a-easy-0143	easy	2d4ce9a9	exact_altered_pf	1	0.5000
c812e6a-easy-0143	easy	2d4ce9a9	exact_loh	1	0.5333
c812e6a-easy-0143	easy	2d4ce9a9	exact_loh_pf	1	0.5333
c812e6a-easy-0143	easy	2d4ce9a9	exact_bgain	1	0.0000
c812e6a-easy-0143	easy	2d4ce9a9	exact_bgain_pf	1	0.0000
c812e6a-easy-0143	easy	2d4ce9a9	exact_ugain	1	0.0000
c812e6a-easy-0143	easy	2d4ce9a9	exact_ugain_pf	1	0.6429
c812e6a-easy-0143	easy	2d4ce9a9	wall_s	1	94.1
c812e6a-easy-0143	easy	2d4ce9a9	peak_gb	1	3.23
f5e3ba7-hard-0145	hard	8797710b	clone_ari	1	0.9829
f5e3ba7-hard-0145	hard	8797710b	clone_ari_int	1	0.9829
f5e3ba7-hard-0145	hard	8797710b	copy_ari	1	0.9055
f5e3ba7-hard-0145	hard	8797710b	state_ari	1	0.0354
f5e3ba7-hard-0145	hard	8797710b	exact_altered	1	0.0355
f5e3ba7-hard-0145	hard	8797710b	exact_altered_pf	1	0.6272
f5e3ba7-hard-0145	hard	8797710b	exact_loh	1	0.0000
f5e3ba7-hard-0145	hard	8797710b	exact_loh_pf	1	0.5421
f5e3ba7-hard-0145	hard	8797710b	exact_bgain	1	0.0000
f5e3ba7-hard-0145	hard	8797710b	exact_bgain_pf	1	0.0000
f5e3ba7-hard-0145	hard	8797710b	exact_ugain	1	0.1071
f5e3ba7-hard-0145	hard	8797710b	exact_ugain_pf	1	0.8571
f5e3ba7-hard-0145	hard	8797710b	wall_s	1	94.2
f5e3ba7-hard-0145	hard	8797710b	peak_gb	1	3.19
df1550e-easy-0147	easy	2d4ce9a9	clone_ari	1	0.9861
df1550e-easy-0147	easy	2d4ce9a9	clone_ari_int	1	0.9861
df1550e-easy-0147	easy	2d4ce9a9	copy_ari	1	0.8191
df1550e-easy-0147	easy	2d4ce9a9	state_ari	1	0.0634
df1550e-easy-0147	easy	2d4ce9a9	exact_altered	1	0.2577
df1550e-easy-0147	easy	2d4ce9a9	exact_altered_pf	1	0.3846
df1550e-easy-0147	easy	2d4ce9a9	exact_loh	1	0.5447
df1550e-easy-0147	easy	2d4ce9a9	exact_loh_pf	1	0.5447
df1550e-easy-0147	easy	2d4ce9a9	exact_bgain	1	0.0000
df1550e-easy-0147	easy	2d4ce9a9	exact_bgain_pf	1	0.0000
df1550e-easy-0147	easy	2d4ce9a9	exact_ugain	1	0.0000
df1550e-easy-0147	easy	2d4ce9a9	exact_ugain_pf	1	0.3267
df1550e-easy-0147	easy	2d4ce9a9	wall_s	1	95.2
df1550e-easy-0147	easy	2d4ce9a9	peak_gb	1	3.25
27b7b5b-hard-0148	hard	8797710b	clone_ari	1	0.9829
27b7b5b-hard-0148	hard	8797710b	clone_ari_int	1	0.9829
27b7b5b-hard-0148	hard	8797710b	copy_ari	1	0.9055
27b7b5b-hard-0148	hard	8797710b	state_ari	1	0.0354
27b7b5b-hard-0148	hard	8797710b	exact_altered	1	0.0355
27b7b5b-hard-0148	hard	8797710b	exact_altered_pf	1	0.6272
27b7b5b-hard-0148	hard	8797710b	exact_loh	1	0.0000
27b7b5b-hard-0148	hard	8797710b	exact_loh_pf	1	0.5421
27b7b5b-hard-0148	hard	8797710b	exact_bgain	1	0.0000
27b7b5b-hard-0148	hard	8797710b	exact_bgain_pf	1	0.0000
27b7b5b-hard-0148	hard	8797710b	exact_ugain	1	0.1071
27b7b5b-hard-0148	hard	8797710b	exact_ugain_pf	1	0.8571
27b7b5b-hard-0148	hard	8797710b	wall_s	1	80.9
27b7b5b-hard-0148	hard	8797710b	peak_gb	1	3.19
e5ee447-easy-0152	easy	2d4ce9a9	clone_ari	1	0.9440
e5ee447-easy-0152	easy	2d4ce9a9	clone_ari_int	1	0.9440
e5ee447-easy-0152	easy	2d4ce9a9	copy_ari	1	0.8191
e5ee447-easy-0152	easy	2d4ce9a9	state_ari	1	0.0767
e5ee447-easy-0152	easy	2d4ce9a9	exact_altered	1	0.1308
e5ee447-easy-0152	easy	2d4ce9a9	exact_altered_pf	1	0.3385
e5ee447-easy-0152	easy	2d4ce9a9	exact_loh	1	0.2764
e5ee447-easy-0152	easy	2d4ce9a9	exact_loh_pf	1	0.4472
e5ee447-easy-0152	easy	2d4ce9a9	exact_bgain	1	0.0000
e5ee447-easy-0152	easy	2d4ce9a9	exact_bgain_pf	1	0.0000
e5ee447-easy-0152	easy	2d4ce9a9	exact_ugain	1	0.0000
e5ee447-easy-0152	easy	2d4ce9a9	exact_ugain_pf	1	0.3267
e5ee447-easy-0152	easy	2d4ce9a9	wall_s	1	206.0
e5ee447-easy-0152	easy	2d4ce9a9	peak_gb	1	3.25
a3c2782-hard-0153	hard	8797710b	clone_ari	1	0.9829
a3c2782-hard-0153	hard	8797710b	clone_ari_int	1	0.9829
a3c2782-hard-0153	hard	8797710b	copy_ari	1	0.9055
a3c2782-hard-0153	hard	8797710b	state_ari	1	0.0354
a3c2782-hard-0153	hard	8797710b	exact_altered	1	0.0355
a3c2782-hard-0153	hard	8797710b	exact_altered_pf	1	0.6272
a3c2782-hard-0153	hard	8797710b	exact_loh	1	0.0000
a3c2782-hard-0153	hard	8797710b	exact_loh_pf	1	0.5421
a3c2782-hard-0153	hard	8797710b	exact_bgain	1	0.0000
a3c2782-hard-0153	hard	8797710b	exact_bgain_pf	1	0.0000
a3c2782-hard-0153	hard	8797710b	exact_ugain	1	0.1071
a3c2782-hard-0153	hard	8797710b	exact_ugain_pf	1	0.8571
a3c2782-hard-0153	hard	8797710b	wall_s	1	105.0
a3c2782-hard-0153	hard	8797710b	peak_gb	1	3.20
3221e7a-hard-0156	hard	8797710b	clone_ari	1	0.9829
3221e7a-hard-0156	hard	8797710b	clone_ari_int	1	0.9829
3221e7a-hard-0156	hard	8797710b	copy_ari	1	0.9055
3221e7a-hard-0156	hard	8797710b	state_ari	1	0.0354
3221e7a-hard-0156	hard	8797710b	exact_altered	1	0.0355
3221e7a-hard-0156	hard	8797710b	exact_altered_pf	1	0.6272
3221e7a-hard-0156	hard	8797710b	exact_loh	1	0.0000
3221e7a-hard-0156	hard	8797710b	exact_loh_pf	1	0.5421
3221e7a-hard-0156	hard	8797710b	exact_bgain	1	0.0000
3221e7a-hard-0156	hard	8797710b	exact_bgain_pf	1	0.0000
3221e7a-hard-0156	hard	8797710b	exact_ugain	1	0.1071
3221e7a-hard-0156	hard	8797710b	exact_ugain_pf	1	0.8571
3221e7a-hard-0156	hard	8797710b	wall_s	1	85.3
3221e7a-hard-0156	hard	8797710b	peak_gb	1	3.19
b221738-hard-0157	hard	8797710b	clone_ari	1	0.9829
b221738-hard-0157	hard	8797710b	clone_ari_int	1	0.9829
b221738-hard-0157	hard	8797710b	copy_ari	1	0.9055
b221738-hard-0157	hard	8797710b	state_ari	1	0.0354
b221738-hard-0157	hard	8797710b	exact_altered	1	0.0355
b221738-hard-0157	hard	8797710b	exact_altered_pf	1	0.6272
b221738-hard-0157	hard	8797710b	exact_loh	1	0.0000
b221738-hard-0157	hard	8797710b	exact_loh_pf	1	0.5421
b221738-hard-0157	hard	8797710b	exact_bgain	1	0.0000
b221738-hard-0157	hard	8797710b	exact_bgain_pf	1	0.0000
b221738-hard-0157	hard	8797710b	exact_ugain	1	0.1071
b221738-hard-0157	hard	8797710b	exact_ugain_pf	1	0.8571
b221738-hard-0157	hard	8797710b	wall_s	1	84.5
b221738-hard-0157	hard	8797710b	peak_gb	1	3.19
261c8b2-hard-0200	hard	8797710b	clone_ari	1	0.9829
261c8b2-hard-0200	hard	8797710b	clone_ari_int	1	0.9829
261c8b2-hard-0200	hard	8797710b	copy_ari	1	0.9055
261c8b2-hard-0200	hard	8797710b	state_ari	1	0.0354
261c8b2-hard-0200	hard	8797710b	exact_altered	1	0.0355
261c8b2-hard-0200	hard	8797710b	exact_altered_pf	1	0.6272
261c8b2-hard-0200	hard	8797710b	exact_loh	1	0.0000
261c8b2-hard-0200	hard	8797710b	exact_loh_pf	1	0.5421
261c8b2-hard-0200	hard	8797710b	exact_bgain	1	0.0000
261c8b2-hard-0200	hard	8797710b	exact_bgain_pf	1	0.0000
261c8b2-hard-0200	hard	8797710b	exact_ugain	1	0.1071
261c8b2-hard-0200	hard	8797710b	exact_ugain_pf	1	0.8571
261c8b2-hard-0200	hard	8797710b	wall_s	1	109.6
261c8b2-hard-0200	hard	8797710b	peak_gb	1	3.20
dd7e397-hard-0202	hard	8797710b	clone_ari	1	0.9829
dd7e397-hard-0202	hard	8797710b	clone_ari_int	1	0.9829
dd7e397-hard-0202	hard	8797710b	copy_ari	1	0.9055
dd7e397-hard-0202	hard	8797710b	state_ari	1	0.0354
dd7e397-hard-0202	hard	8797710b	exact_altered	1	0.0355
dd7e397-hard-0202	hard	8797710b	exact_altered_pf	1	0.6272
dd7e397-hard-0202	hard	8797710b	exact_loh	1	0.0000
dd7e397-hard-0202	hard	8797710b	exact_loh_pf	1	0.5421
dd7e397-hard-0202	hard	8797710b	exact_bgain	1	0.0000
dd7e397-hard-0202	hard	8797710b	exact_bgain_pf	1	0.0000
dd7e397-hard-0202	hard	8797710b	exact_ugain	1	0.1071
dd7e397-hard-0202	hard	8797710b	exact_ugain_pf	1	0.8571
dd7e397-hard-0202	hard	8797710b	wall_s	1	109.2
dd7e397-hard-0202	hard	8797710b	peak_gb	1	3.19
c812e6a-hard-0205	hard	8797710b	clone_ari	1	0.8652
c812e6a-hard-0205	hard	8797710b	clone_ari_int	1	0.8652
c812e6a-hard-0205	hard	8797710b	copy_ari	1	0.9000
c812e6a-hard-0205	hard	8797710b	state_ari	1	0.0285
c812e6a-hard-0205	hard	8797710b	exact_altered	1	0.2189
c812e6a-hard-0205	hard	8797710b	exact_altered_pf	1	0.4379
c812e6a-hard-0205	hard	8797710b	exact_loh	1	0.3458
c812e6a-hard-0205	hard	8797710b	exact_loh_pf	1	0.3925
c812e6a-hard-0205	hard	8797710b	exact_bgain	1	0.0000
c812e6a-hard-0205	hard	8797710b	exact_bgain_pf	1	0.0000
c812e6a-hard-0205	hard	8797710b	exact_ugain	1	0.0000
c812e6a-hard-0205	hard	8797710b	exact_ugain_pf	1	0.5714
c812e6a-hard-0205	hard	8797710b	wall_s	1	155.1
c812e6a-hard-0205	hard	8797710b	peak_gb	1	3.20
df1550e-hard-0206	hard	8797710b	clone_ari	1	0.9820
df1550e-hard-0206	hard	8797710b	clone_ari_int	1	0.9820
df1550e-hard-0206	hard	8797710b	copy_ari	1	0.9192
df1550e-hard-0206	hard	8797710b	state_ari	1	0.0575
df1550e-hard-0206	hard	8797710b	exact_altered	1	0.2102
df1550e-hard-0206	hard	8797710b	exact_altered_pf	1	0.4716
df1550e-hard-0206	hard	8797710b	exact_loh	1	0.3274
df1550e-hard-0206	hard	8797710b	exact_loh_pf	1	0.3717
df1550e-hard-0206	hard	8797710b	exact_bgain	1	0.0000
df1550e-hard-0206	hard	8797710b	exact_bgain_pf	1	0.0000
df1550e-hard-0206	hard	8797710b	exact_ugain	1	0.0000
df1550e-hard-0206	hard	8797710b	exact_ugain_pf	1	0.7193
df1550e-hard-0206	hard	8797710b	wall_s	1	103.3
df1550e-hard-0206	hard	8797710b	peak_gb	1	3.21
e5ee447-hard-0212	hard	8797710b	clone_ari	1	0.3031
e5ee447-hard-0212	hard	8797710b	clone_ari_int	1	0.3031
e5ee447-hard-0212	hard	8797710b	copy_ari	1	0.5733
e5ee447-hard-0212	hard	8797710b	state_ari	1	0.0466
e5ee447-hard-0212	hard	8797710b	exact_altered	1	0.1724
e5ee447-hard-0212	hard	8797710b	exact_altered_pf	1	0.1724
e5ee447-hard-0212	hard	8797710b	exact_loh	1	0.2857
e5ee447-hard-0212	hard	8797710b	exact_loh_pf	1	0.2857
e5ee447-hard-0212	hard	8797710b	exact_ugain	1	0.0000
e5ee447-hard-0212	hard	8797710b	exact_ugain_pf	1	0.0000
e5ee447-hard-0212	hard	8797710b	wall_s	1	203.2
e5ee447-hard-0212	hard	8797710b	peak_gb	1	3.21
838c7e5-easy-0220	easy	2d4ce9a9	clone_ari	1	0.9440
838c7e5-easy-0220	easy	2d4ce9a9	clone_ari_int	1	0.9440
838c7e5-easy-0220	easy	2d4ce9a9	copy_ari	1	0.8185
838c7e5-easy-0220	easy	2d4ce9a9	state_ari	1	0.1114
838c7e5-easy-0220	easy	2d4ce9a9	exact_altered	1	0.3692
838c7e5-easy-0220	easy	2d4ce9a9	exact_altered_pf	1	0.5769
838c7e5-easy-0220	easy	2d4ce9a9	exact_loh	1	0.7805
838c7e5-easy-0220	easy	2d4ce9a9	exact_loh_pf	1	0.9512
838c7e5-easy-0220	easy	2d4ce9a9	exact_bgain	1	0.0000
838c7e5-easy-0220	easy	2d4ce9a9	exact_bgain_pf	1	0.0000
838c7e5-easy-0220	easy	2d4ce9a9	exact_ugain	1	0.0000
838c7e5-easy-0220	easy	2d4ce9a9	exact_ugain_pf	1	0.3267
838c7e5-easy-0220	easy	2d4ce9a9	wall_s	1	182.2
838c7e5-easy-0220	easy	2d4ce9a9	peak_gb	1	3.25
838c7e5-hard-0237	hard	8797710b	clone_ari	1	0.3031
838c7e5-hard-0237	hard	8797710b	clone_ari_int	1	0.3031
838c7e5-hard-0237	hard	8797710b	copy_ari	1	0.6171
838c7e5-hard-0237	hard	8797710b	state_ari	1	0.0495
838c7e5-hard-0237	hard	8797710b	exact_altered	1	0.1724
838c7e5-hard-0237	hard	8797710b	exact_altered_pf	1	0.1724
838c7e5-hard-0237	hard	8797710b	exact_loh	1	0.2857
838c7e5-hard-0237	hard	8797710b	exact_loh_pf	1	0.2857
838c7e5-hard-0237	hard	8797710b	exact_ugain	1	0.0000
838c7e5-hard-0237	hard	8797710b	exact_ugain_pf	1	0.0000
838c7e5-hard-0237	hard	8797710b	wall_s	1	153.2
838c7e5-hard-0237	hard	8797710b	peak_gb	1	3.21
221524f-easy-0254	easy	2d4ce9a9	clone_ari	1	0.9861
221524f-easy-0254	easy	2d4ce9a9	clone_ari_int	1	0.9861
221524f-easy-0254	easy	2d4ce9a9	copy_ari	1	0.9035
221524f-easy-0254	easy	2d4ce9a9	state_ari	1	0.0277
221524f-easy-0254	easy	2d4ce9a9	exact_altered	1	0.2667
221524f-easy-0254	easy	2d4ce9a9	exact_altered_pf	1	0.7231
221524f-easy-0254	easy	2d4ce9a9	exact_loh	1	0.5474
221524f-easy-0254	easy	2d4ce9a9	exact_loh_pf	1	0.7263
221524f-easy-0254	easy	2d4ce9a9	exact_bgain	1	0.0000
221524f-easy-0254	easy	2d4ce9a9	exact_bgain_pf	1	0.0000
221524f-easy-0254	easy	2d4ce9a9	exact_ugain	1	0.0000
221524f-easy-0254	easy	2d4ce9a9	exact_ugain_pf	1	0.9863
221524f-easy-0254	easy	2d4ce9a9	wall_s	1	91.8
221524f-easy-0254	easy	2d4ce9a9	peak_gb	1	3.23
221524f-hard-0313	hard	8797710b	clone_ari	1	0.9829
221524f-hard-0313	hard	8797710b	clone_ari_int	1	0.9829
221524f-hard-0313	hard	8797710b	copy_ari	1	0.9181
221524f-hard-0313	hard	8797710b	state_ari	1	0.0278
221524f-hard-0313	hard	8797710b	exact_altered	1	0.1654
221524f-hard-0313	hard	8797710b	exact_altered_pf	1	0.7244
221524f-hard-0313	hard	8797710b	exact_loh	1	0.2195
221524f-hard-0313	hard	8797710b	exact_loh_pf	1	0.6707
221524f-hard-0313	hard	8797710b	exact_bgain	1	0.0000
221524f-hard-0313	hard	8797710b	exact_bgain_pf	1	0.0000
221524f-hard-0313	hard	8797710b	exact_ugain	1	0.0750
221524f-hard-0313	hard	8797710b	exact_ugain_pf	1	0.9250
221524f-hard-0313	hard	8797710b	wall_s	1	87.2
221524f-hard-0313	hard	8797710b	peak_gb	1	3.19
221524f-easy-0316	easy	2d4ce9a9	clone_ari	1	0.9861
221524f-easy-0316	easy	2d4ce9a9	clone_ari_int	1	0.9861
221524f-easy-0316	easy	2d4ce9a9	copy_ari	1	0.9035
221524f-easy-0316	easy	2d4ce9a9	state_ari	1	0.0410
221524f-easy-0316	easy	2d4ce9a9	exact_altered	1	0.2667
221524f-easy-0316	easy	2d4ce9a9	exact_altered_pf	1	0.7231
221524f-easy-0316	easy	2d4ce9a9	exact_loh	1	0.5474
221524f-easy-0316	easy	2d4ce9a9	exact_loh_pf	1	0.7263
221524f-easy-0316	easy	2d4ce9a9	exact_bgain	1	0.0000
221524f-easy-0316	easy	2d4ce9a9	exact_bgain_pf	1	0.0000
221524f-easy-0316	easy	2d4ce9a9	exact_ugain	1	0.0000
221524f-easy-0316	easy	2d4ce9a9	exact_ugain_pf	1	0.9863
221524f-easy-0316	easy	2d4ce9a9	wall_s	1	72.5
221524f-easy-0316	easy	2d4ce9a9	peak_gb	1	3.19
221524f-hard-0321	hard	8797710b	clone_ari	1	0.9829
221524f-hard-0321	hard	8797710b	clone_ari_int	1	0.9829
221524f-hard-0321	hard	8797710b	copy_ari	1	0.9181
221524f-hard-0321	hard	8797710b	state_ari	1	0.0269
221524f-hard-0321	hard	8797710b	exact_altered	1	0.1654
221524f-hard-0321	hard	8797710b	exact_altered_pf	1	0.7244
221524f-hard-0321	hard	8797710b	exact_loh	1	0.2195
221524f-hard-0321	hard	8797710b	exact_loh_pf	1	0.6707
221524f-hard-0321	hard	8797710b	exact_bgain	1	0.0000
221524f-hard-0321	hard	8797710b	exact_bgain_pf	1	0.0000
221524f-hard-0321	hard	8797710b	exact_ugain	1	0.0750
221524f-hard-0321	hard	8797710b	exact_ugain_pf	1	0.9250
221524f-hard-0321	hard	8797710b	wall_s	1	70.7
221524f-hard-0321	hard	8797710b	peak_gb	1	3.20
ac00498-dev_tree_1s_easy_r0-0331	dev_tree_1s_easy_r0	d08e3a1b	clone_ari	1	0.9721
ac00498-dev_tree_1s_easy_r0-0331	dev_tree_1s_easy_r0	d08e3a1b	clone_ari_int	1	0.9721
ac00498-dev_tree_1s_easy_r0-0331	dev_tree_1s_easy_r0	d08e3a1b	copy_ari	1	0.9714
ac00498-dev_tree_1s_easy_r0-0331	dev_tree_1s_easy_r0	d08e3a1b	state_ari	1	0.0559
ac00498-dev_tree_1s_easy_r0-0331	dev_tree_1s_easy_r0	d08e3a1b	exact_altered	1	0.5414
ac00498-dev_tree_1s_easy_r0-0331	dev_tree_1s_easy_r0	d08e3a1b	exact_altered_pf	1	0.9517
ac00498-dev_tree_1s_easy_r0-0331	dev_tree_1s_easy_r0	d08e3a1b	exact_loh	1	0.4208
ac00498-dev_tree_1s_easy_r0-0331	dev_tree_1s_easy_r0	d08e3a1b	exact_loh_pf	1	0.9802
ac00498-dev_tree_1s_easy_r0-0331	dev_tree_1s_easy_r0	d08e3a1b	exact_bgain	1	0.8780
ac00498-dev_tree_1s_easy_r0-0331	dev_tree_1s_easy_r0	d08e3a1b	exact_bgain_pf	1	0.8780
ac00498-dev_tree_1s_easy_r0-0331	dev_tree_1s_easy_r0	d08e3a1b	exact_ugain	1	0.0000
ac00498-dev_tree_1s_easy_r0-0331	dev_tree_1s_easy_r0	d08e3a1b	exact_ugain_pf	1	1.0000
ac00498-dev_tree_1s_easy_r0-0331	dev_tree_1s_easy_r0	d08e3a1b	wall_s	1	141.1
ac00498-dev_tree_1s_easy_r0-0331	dev_tree_1s_easy_r0	d08e3a1b	peak_gb	1	3.62
ac00498-dev_tree_1s_hard_r0-0339	dev_tree_1s_hard_r0	d2938975	clone_ari	1	0.2172
ac00498-dev_tree_1s_hard_r0-0339	dev_tree_1s_hard_r0	d2938975	clone_ari_int	1	0.2172
ac00498-dev_tree_1s_hard_r0-0339	dev_tree_1s_hard_r0	d2938975	copy_ari	1	0.4000
ac00498-dev_tree_1s_hard_r0-0339	dev_tree_1s_hard_r0	d2938975	state_ari	1	0.0031
ac00498-dev_tree_1s_hard_r0-0339	dev_tree_1s_hard_r0	d2938975	exact_altered	1	0.0000
ac00498-dev_tree_1s_hard_r0-0339	dev_tree_1s_hard_r0	d2938975	exact_altered_pf	1	0.1400
ac00498-dev_tree_1s_hard_r0-0339	dev_tree_1s_hard_r0	d2938975	exact_loh	1	0.0000
ac00498-dev_tree_1s_hard_r0-0339	dev_tree_1s_hard_r0	d2938975	exact_loh_pf	1	0.2692
ac00498-dev_tree_1s_hard_r0-0339	dev_tree_1s_hard_r0	d2938975	exact_bgain	1	0.0000
ac00498-dev_tree_1s_hard_r0-0339	dev_tree_1s_hard_r0	d2938975	exact_bgain_pf	1	0.0000
ac00498-dev_tree_1s_hard_r0-0339	dev_tree_1s_hard_r0	d2938975	exact_ugain	1	0.0000
ac00498-dev_tree_1s_hard_r0-0339	dev_tree_1s_hard_r0	d2938975	exact_ugain_pf	1	0.2000
ac00498-dev_tree_1s_hard_r0-0339	dev_tree_1s_hard_r0	d2938975	wall_s	1	139.6
ac00498-dev_tree_1s_hard_r0-0339	dev_tree_1s_hard_r0	d2938975	peak_gb	1	3.69
ac00498-dev_tree_1s_r0-0345	dev_tree_1s_r0	4687b541	clone_ari	1	0.9986
ac00498-dev_tree_1s_r0-0345	dev_tree_1s_r0	4687b541	clone_ari_int	1	0.9986
ac00498-dev_tree_1s_r0-0345	dev_tree_1s_r0	4687b541	copy_ari	1	0.9757
ac00498-dev_tree_1s_r0-0345	dev_tree_1s_r0	4687b541	state_ari	1	0.1371
ac00498-dev_tree_1s_r0-0345	dev_tree_1s_r0	4687b541	exact_altered	1	0.8712
ac00498-dev_tree_1s_r0-0345	dev_tree_1s_r0	4687b541	exact_altered_pf	1	0.8899
ac00498-dev_tree_1s_r0-0345	dev_tree_1s_r0	4687b541	exact_loh	1	0.8794
ac00498-dev_tree_1s_r0-0345	dev_tree_1s_r0	4687b541	exact_loh_pf	1	0.8983
ac00498-dev_tree_1s_r0-0345	dev_tree_1s_r0	4687b541	exact_bgain	1	0.0000
ac00498-dev_tree_1s_r0-0345	dev_tree_1s_r0	4687b541	exact_bgain_pf	1	0.0000
ac00498-dev_tree_1s_r0-0345	dev_tree_1s_r0	4687b541	wall_s	1	150.2
ac00498-dev_tree_1s_r0-0345	dev_tree_1s_r0	4687b541	peak_gb	1	3.69
dd7e397-dev_tree_1s_easy_r0-0357	dev_tree_1s_easy_r0	d08e3a1b	clone_ari	1	0.8792
dd7e397-dev_tree_1s_easy_r0-0357	dev_tree_1s_easy_r0	d08e3a1b	clone_ari_int	1	0.9721
dd7e397-dev_tree_1s_easy_r0-0357	dev_tree_1s_easy_r0	d08e3a1b	copy_ari	1	0.9714
dd7e397-dev_tree_1s_easy_r0-0357	dev_tree_1s_easy_r0	d08e3a1b	state_ari	1	0.0559
dd7e397-dev_tree_1s_easy_r0-0357	dev_tree_1s_easy_r0	d08e3a1b	exact_altered	1	0.5414
dd7e397-dev_tree_1s_easy_r0-0357	dev_tree_1s_easy_r0	d08e3a1b	exact_altered_pf	1	0.9517
dd7e397-dev_tree_1s_easy_r0-0357	dev_tree_1s_easy_r0	d08e3a1b	exact_loh	1	0.4208
dd7e397-dev_tree_1s_easy_r0-0357	dev_tree_1s_easy_r0	d08e3a1b	exact_loh_pf	1	0.9802
dd7e397-dev_tree_1s_easy_r0-0357	dev_tree_1s_easy_r0	d08e3a1b	exact_bgain	1	0.8780
dd7e397-dev_tree_1s_easy_r0-0357	dev_tree_1s_easy_r0	d08e3a1b	exact_bgain_pf	1	0.8780
dd7e397-dev_tree_1s_easy_r0-0357	dev_tree_1s_easy_r0	d08e3a1b	exact_ugain	1	0.0000
dd7e397-dev_tree_1s_easy_r0-0357	dev_tree_1s_easy_r0	d08e3a1b	exact_ugain_pf	1	1.0000
dd7e397-dev_tree_1s_easy_r0-0357	dev_tree_1s_easy_r0	d08e3a1b	wall_s	1	279.3
dd7e397-dev_tree_1s_easy_r0-0357	dev_tree_1s_easy_r0	d08e3a1b	peak_gb	1	3.62
dd7e397-dev_tree_1s_hard_r0-0407	dev_tree_1s_hard_r0	d2938975	clone_ari	1	0.8846
dd7e397-dev_tree_1s_hard_r0-0407	dev_tree_1s_hard_r0	d2938975	clone_ari_int	1	0.9065
dd7e397-dev_tree_1s_hard_r0-0407	dev_tree_1s_hard_r0	d2938975	copy_ari	1	0.5132
dd7e397-dev_tree_1s_hard_r0-0407	dev_tree_1s_hard_r0	d2938975	state_ari	1	0.0105
dd7e397-dev_tree_1s_hard_r0-0407	dev_tree_1s_hard_r0	d2938975	exact_altered	1	0.0845
dd7e397-dev_tree_1s_hard_r0-0407	dev_tree_1s_hard_r0	d2938975	exact_altered_pf	1	0.2817
dd7e397-dev_tree_1s_hard_r0-0407	dev_tree_1s_hard_r0	d2938975	exact_loh	1	0.2667
dd7e397-dev_tree_1s_hard_r0-0407	dev_tree_1s_hard_r0	d2938975	exact_loh_pf	1	0.5000
dd7e397-dev_tree_1s_hard_r0-0407	dev_tree_1s_hard_r0	d2938975	exact_bgain	1	0.0000
dd7e397-dev_tree_1s_hard_r0-0407	dev_tree_1s_hard_r0	d2938975	exact_bgain_pf	1	0.0000
dd7e397-dev_tree_1s_hard_r0-0407	dev_tree_1s_hard_r0	d2938975	exact_ugain	1	0.0769
dd7e397-dev_tree_1s_hard_r0-0407	dev_tree_1s_hard_r0	d2938975	exact_ugain_pf	1	0.4808
dd7e397-dev_tree_1s_hard_r0-0407	dev_tree_1s_hard_r0	d2938975	wall_s	1	197.0
dd7e397-dev_tree_1s_hard_r0-0407	dev_tree_1s_hard_r0	d2938975	peak_gb	1	3.62
dd7e397-dev_tree_1s_r0-0429	dev_tree_1s_r0	4687b541	clone_ari	1	0.8940
dd7e397-dev_tree_1s_r0-0429	dev_tree_1s_r0	4687b541	clone_ari_int	1	0.9986
dd7e397-dev_tree_1s_r0-0429	dev_tree_1s_r0	4687b541	copy_ari	1	0.9757
dd7e397-dev_tree_1s_r0-0429	dev_tree_1s_r0	4687b541	state_ari	1	0.1371
dd7e397-dev_tree_1s_r0-0429	dev_tree_1s_r0	4687b541	exact_altered	1	0.8712
dd7e397-dev_tree_1s_r0-0429	dev_tree_1s_r0	4687b541	exact_altered_pf	1	0.8899
dd7e397-dev_tree_1s_r0-0429	dev_tree_1s_r0	4687b541	exact_loh	1	0.8794
dd7e397-dev_tree_1s_r0-0429	dev_tree_1s_r0	4687b541	exact_loh_pf	1	0.8983
dd7e397-dev_tree_1s_r0-0429	dev_tree_1s_r0	4687b541	exact_bgain	1	0.0000
dd7e397-dev_tree_1s_r0-0429	dev_tree_1s_r0	4687b541	exact_bgain_pf	1	0.0000
dd7e397-dev_tree_1s_r0-0429	dev_tree_1s_r0	4687b541	wall_s	1	192.2
dd7e397-dev_tree_1s_r0-0429	dev_tree_1s_r0	4687b541	peak_gb	1	3.62
c812e6a-dev_tree_1s_easy_r0-0455	dev_tree_1s_easy_r0	d08e3a1b	clone_ari	1	0.9484
c812e6a-dev_tree_1s_easy_r0-0455	dev_tree_1s_easy_r0	d08e3a1b	clone_ari_int	1	0.9484
c812e6a-dev_tree_1s_easy_r0-0455	dev_tree_1s_easy_r0	d08e3a1b	copy_ari	1	0.8002
c812e6a-dev_tree_1s_easy_r0-0455	dev_tree_1s_easy_r0	d08e3a1b	state_ari	1	0.0426
c812e6a-dev_tree_1s_easy_r0-0455	dev_tree_1s_easy_r0	d08e3a1b	exact_altered	1	0.2931
c812e6a-dev_tree_1s_easy_r0-0455	dev_tree_1s_easy_r0	d08e3a1b	exact_altered_pf	1	0.6828
c812e6a-dev_tree_1s_easy_r0-0455	dev_tree_1s_easy_r0	d08e3a1b	exact_loh	1	0.4208
c812e6a-dev_tree_1s_easy_r0-0455	dev_tree_1s_easy_r0	d08e3a1b	exact_loh_pf	1	0.9802
c812e6a-dev_tree_1s_easy_r0-0455	dev_tree_1s_easy_r0	d08e3a1b	exact_bgain	1	0.0000
c812e6a-dev_tree_1s_easy_r0-0455	dev_tree_1s_easy_r0	d08e3a1b	exact_bgain_pf	1	0.0000
c812e6a-dev_tree_1s_easy_r0-0455	dev_tree_1s_easy_r0	d08e3a1b	exact_ugain	1	0.0000
c812e6a-dev_tree_1s_easy_r0-0455	dev_tree_1s_easy_r0	d08e3a1b	exact_ugain_pf	1	0.0000
c812e6a-dev_tree_1s_easy_r0-0455	dev_tree_1s_easy_r0	d08e3a1b	wall_s	1	229.9
c812e6a-dev_tree_1s_easy_r0-0455	dev_tree_1s_easy_r0	d08e3a1b	peak_gb	1	3.65
c812e6a-dev_tree_1s_hard_r0-0526	dev_tree_1s_hard_r0	d2938975	clone_ari	1	0.8529
c812e6a-dev_tree_1s_hard_r0-0526	dev_tree_1s_hard_r0	d2938975	clone_ari_int	1	0.8529
c812e6a-dev_tree_1s_hard_r0-0526	dev_tree_1s_hard_r0	d2938975	copy_ari	1	0.5437
c812e6a-dev_tree_1s_hard_r0-0526	dev_tree_1s_hard_r0	d2938975	state_ari	1	0.0081
c812e6a-dev_tree_1s_hard_r0-0526	dev_tree_1s_hard_r0	d2938975	exact_altered	1	0.0563
c812e6a-dev_tree_1s_hard_r0-0526	dev_tree_1s_hard_r0	d2938975	exact_altered_pf	1	0.3732
c812e6a-dev_tree_1s_hard_r0-0526	dev_tree_1s_hard_r0	d2938975	exact_loh	1	0.2667
c812e6a-dev_tree_1s_hard_r0-0526	dev_tree_1s_hard_r0	d2938975	exact_loh_pf	1	0.9667
c812e6a-dev_tree_1s_hard_r0-0526	dev_tree_1s_hard_r0	d2938975	exact_bgain	1	0.0000
c812e6a-dev_tree_1s_hard_r0-0526	dev_tree_1s_hard_r0	d2938975	exact_bgain_pf	1	0.0000
c812e6a-dev_tree_1s_hard_r0-0526	dev_tree_1s_hard_r0	d2938975	exact_ugain	1	0.0000
c812e6a-dev_tree_1s_hard_r0-0526	dev_tree_1s_hard_r0	d2938975	exact_ugain_pf	1	0.4615
c812e6a-dev_tree_1s_hard_r0-0526	dev_tree_1s_hard_r0	d2938975	wall_s	1	110.3
c812e6a-dev_tree_1s_hard_r0-0526	dev_tree_1s_hard_r0	d2938975	peak_gb	1	3.64
c812e6a-dev_tree_1s_r0-0537	dev_tree_1s_r0	4687b541	clone_ari	1	0.9986
c812e6a-dev_tree_1s_r0-0537	dev_tree_1s_r0	4687b541	clone_ari_int	1	0.9986
c812e6a-dev_tree_1s_r0-0537	dev_tree_1s_r0	4687b541	copy_ari	1	0.9717
c812e6a-dev_tree_1s_r0-0537	dev_tree_1s_r0	4687b541	state_ari	1	0.2194
c812e6a-dev_tree_1s_r0-0537	dev_tree_1s_r0	4687b541	exact_altered	1	0.6979
c812e6a-dev_tree_1s_r0-0537	dev_tree_1s_r0	4687b541	exact_altered_pf	1	0.6979
c812e6a-dev_tree_1s_r0-0537	dev_tree_1s_r0	4687b541	exact_loh	1	0.7045
c812e6a-dev_tree_1s_r0-0537	dev_tree_1s_r0	4687b541	exact_loh_pf	1	0.7045
c812e6a-dev_tree_1s_r0-0537	dev_tree_1s_r0	4687b541	exact_bgain	1	0.0000
c812e6a-dev_tree_1s_r0-0537	dev_tree_1s_r0	4687b541	exact_bgain_pf	1	0.0000
c812e6a-dev_tree_1s_r0-0537	dev_tree_1s_r0	4687b541	wall_s	1	116.2
c812e6a-dev_tree_1s_r0-0537	dev_tree_1s_r0	4687b541	peak_gb	1	3.69
4899b5f-dev_tree_1s_easy_r0-0548	dev_tree_1s_easy_r0	d08e3a1b	clone_ari	1	0.9721
4899b5f-dev_tree_1s_easy_r0-0548	dev_tree_1s_easy_r0	d08e3a1b	clone_ari_int	1	0.9721
4899b5f-dev_tree_1s_easy_r0-0548	dev_tree_1s_easy_r0	d08e3a1b	copy_ari	1	0.9714
4899b5f-dev_tree_1s_easy_r0-0548	dev_tree_1s_easy_r0	d08e3a1b	state_ari	1	0.0559
4899b5f-dev_tree_1s_easy_r0-0548	dev_tree_1s_easy_r0	d08e3a1b	exact_altered	1	0.5414
4899b5f-dev_tree_1s_easy_r0-0548	dev_tree_1s_easy_r0	d08e3a1b	exact_altered_pf	1	0.9517
4899b5f-dev_tree_1s_easy_r0-0548	dev_tree_1s_easy_r0	d08e3a1b	exact_loh	1	0.4208
4899b5f-dev_tree_1s_easy_r0-0548	dev_tree_1s_easy_r0	d08e3a1b	exact_loh_pf	1	0.9802
4899b5f-dev_tree_1s_easy_r0-0548	dev_tree_1s_easy_r0	d08e3a1b	exact_bgain	1	0.8780
4899b5f-dev_tree_1s_easy_r0-0548	dev_tree_1s_easy_r0	d08e3a1b	exact_bgain_pf	1	0.8780
4899b5f-dev_tree_1s_easy_r0-0548	dev_tree_1s_easy_r0	d08e3a1b	exact_ugain	1	0.0000
4899b5f-dev_tree_1s_easy_r0-0548	dev_tree_1s_easy_r0	d08e3a1b	exact_ugain_pf	1	1.0000
4899b5f-dev_tree_1s_easy_r0-0548	dev_tree_1s_easy_r0	d08e3a1b	wall_s	1	154.9
4899b5f-dev_tree_1s_easy_r0-0548	dev_tree_1s_easy_r0	d08e3a1b	peak_gb	1	3.63
4899b5f-dev_tree_1s_hard_r0-0555	dev_tree_1s_hard_r0	d2938975	clone_ari	1	0.2172
4899b5f-dev_tree_1s_hard_r0-0555	dev_tree_1s_hard_r0	d2938975	clone_ari_int	1	0.2172
4899b5f-dev_tree_1s_hard_r0-0555	dev_tree_1s_hard_r0	d2938975	copy_ari	1	0.4000
4899b5f-dev_tree_1s_hard_r0-0555	dev_tree_1s_hard_r0	d2938975	state_ari	1	0.0031
4899b5f-dev_tree_1s_hard_r0-0555	dev_tree_1s_hard_r0	d2938975	exact_altered	1	0.0000
4899b5f-dev_tree_1s_hard_r0-0555	dev_tree_1s_hard_r0	d2938975	exact_altered_pf	1	0.1400
4899b5f-dev_tree_1s_hard_r0-0555	dev_tree_1s_hard_r0	d2938975	exact_loh	1	0.0000
4899b5f-dev_tree_1s_hard_r0-0555	dev_tree_1s_hard_r0	d2938975	exact_loh_pf	1	0.2692
4899b5f-dev_tree_1s_hard_r0-0555	dev_tree_1s_hard_r0	d2938975	exact_bgain	1	0.0000
4899b5f-dev_tree_1s_hard_r0-0555	dev_tree_1s_hard_r0	d2938975	exact_bgain_pf	1	0.0000
4899b5f-dev_tree_1s_hard_r0-0555	dev_tree_1s_hard_r0	d2938975	exact_ugain	1	0.0000
4899b5f-dev_tree_1s_hard_r0-0555	dev_tree_1s_hard_r0	d2938975	exact_ugain_pf	1	0.2000
4899b5f-dev_tree_1s_hard_r0-0555	dev_tree_1s_hard_r0	d2938975	wall_s	1	154.4
4899b5f-dev_tree_1s_hard_r0-0555	dev_tree_1s_hard_r0	d2938975	peak_gb	1	3.69
aec3403-dev_tree_1s_easy_r0-0606	dev_tree_1s_easy_r0	d08e3a1b	clone_ari	1	0.8792
aec3403-dev_tree_1s_easy_r0-0606	dev_tree_1s_easy_r0	d08e3a1b	clone_ari_int	1	0.9721
aec3403-dev_tree_1s_easy_r0-0606	dev_tree_1s_easy_r0	d08e3a1b	copy_ari	1	0.9714
aec3403-dev_tree_1s_easy_r0-0606	dev_tree_1s_easy_r0	d08e3a1b	state_ari	1	0.0559
aec3403-dev_tree_1s_easy_r0-0606	dev_tree_1s_easy_r0	d08e3a1b	exact_altered	1	0.5414
aec3403-dev_tree_1s_easy_r0-0606	dev_tree_1s_easy_r0	d08e3a1b	exact_altered_pf	1	0.9517
aec3403-dev_tree_1s_easy_r0-0606	dev_tree_1s_easy_r0	d08e3a1b	exact_loh	1	0.4208
aec3403-dev_tree_1s_easy_r0-0606	dev_tree_1s_easy_r0	d08e3a1b	exact_loh_pf	1	0.9802
aec3403-dev_tree_1s_easy_r0-0606	dev_tree_1s_easy_r0	d08e3a1b	exact_bgain	1	0.8780
aec3403-dev_tree_1s_easy_r0-0606	dev_tree_1s_easy_r0	d08e3a1b	exact_bgain_pf	1	0.8780
aec3403-dev_tree_1s_easy_r0-0606	dev_tree_1s_easy_r0	d08e3a1b	exact_ugain	1	0.0000
aec3403-dev_tree_1s_easy_r0-0606	dev_tree_1s_easy_r0	d08e3a1b	exact_ugain_pf	1	1.0000
aec3403-dev_tree_1s_easy_r0-0606	dev_tree_1s_easy_r0	d08e3a1b	wall_s	1	154.6
aec3403-dev_tree_1s_easy_r0-0606	dev_tree_1s_easy_r0	d08e3a1b	peak_gb	1	3.62
aec3403-dev_tree_1s_hard_r0-0611	dev_tree_1s_hard_r0	d2938975	clone_ari	1	0.8846
aec3403-dev_tree_1s_hard_r0-0611	dev_tree_1s_hard_r0	d2938975	clone_ari_int	1	0.2172
aec3403-dev_tree_1s_hard_r0-0611	dev_tree_1s_hard_r0	d2938975	copy_ari	1	0.5132
aec3403-dev_tree_1s_hard_r0-0611	dev_tree_1s_hard_r0	d2938975	state_ari	1	0.0105
aec3403-dev_tree_1s_hard_r0-0611	dev_tree_1s_hard_r0	d2938975	exact_altered	1	0.0845
aec3403-dev_tree_1s_hard_r0-0611	dev_tree_1s_hard_r0	d2938975	exact_altered_pf	1	0.2817
aec3403-dev_tree_1s_hard_r0-0611	dev_tree_1s_hard_r0	d2938975	exact_loh	1	0.2667
aec3403-dev_tree_1s_hard_r0-0611	dev_tree_1s_hard_r0	d2938975	exact_loh_pf	1	0.5000
aec3403-dev_tree_1s_hard_r0-0611	dev_tree_1s_hard_r0	d2938975	exact_bgain	1	0.0000
aec3403-dev_tree_1s_hard_r0-0611	dev_tree_1s_hard_r0	d2938975	exact_bgain_pf	1	0.0000
aec3403-dev_tree_1s_hard_r0-0611	dev_tree_1s_hard_r0	d2938975	exact_ugain	1	0.0769
aec3403-dev_tree_1s_hard_r0-0611	dev_tree_1s_hard_r0	d2938975	exact_ugain_pf	1	0.4808
aec3403-dev_tree_1s_hard_r0-0611	dev_tree_1s_hard_r0	d2938975	wall_s	1	154.6
aec3403-dev_tree_1s_hard_r0-0611	dev_tree_1s_hard_r0	d2938975	peak_gb	1	3.69
261c8b2-dev_tree_1s_easy_r0-0621	dev_tree_1s_easy_r0	d08e3a1b	clone_ari	1	0.8792
261c8b2-dev_tree_1s_easy_r0-0621	dev_tree_1s_easy_r0	d08e3a1b	clone_ari_int	1	0.9721
261c8b2-dev_tree_1s_easy_r0-0621	dev_tree_1s_easy_r0	d08e3a1b	copy_ari	1	0.9714
261c8b2-dev_tree_1s_easy_r0-0621	dev_tree_1s_easy_r0	d08e3a1b	state_ari	1	0.0559
261c8b2-dev_tree_1s_easy_r0-0621	dev_tree_1s_easy_r0	d08e3a1b	exact_altered	1	0.5414
261c8b2-dev_tree_1s_easy_r0-0621	dev_tree_1s_easy_r0	d08e3a1b	exact_altered_pf	1	0.9517
261c8b2-dev_tree_1s_easy_r0-0621	dev_tree_1s_easy_r0	d08e3a1b	exact_loh	1	0.4208
261c8b2-dev_tree_1s_easy_r0-0621	dev_tree_1s_easy_r0	d08e3a1b	exact_loh_pf	1	0.9802
261c8b2-dev_tree_1s_easy_r0-0621	dev_tree_1s_easy_r0	d08e3a1b	exact_bgain	1	0.8780
261c8b2-dev_tree_1s_easy_r0-0621	dev_tree_1s_easy_r0	d08e3a1b	exact_bgain_pf	1	0.8780
261c8b2-dev_tree_1s_easy_r0-0621	dev_tree_1s_easy_r0	d08e3a1b	exact_ugain	1	0.0000
261c8b2-dev_tree_1s_easy_r0-0621	dev_tree_1s_easy_r0	d08e3a1b	exact_ugain_pf	1	1.0000
261c8b2-dev_tree_1s_easy_r0-0621	dev_tree_1s_easy_r0	d08e3a1b	wall_s	1	315.5
261c8b2-dev_tree_1s_easy_r0-0621	dev_tree_1s_easy_r0	d08e3a1b	peak_gb	1	3.63
261c8b2-dev_tree_1s_hard_r0-0627	dev_tree_1s_hard_r0	d2938975	clone_ari	1	0.8846
261c8b2-dev_tree_1s_hard_r0-0627	dev_tree_1s_hard_r0	d2938975	clone_ari_int	1	0.2172
261c8b2-dev_tree_1s_hard_r0-0627	dev_tree_1s_hard_r0	d2938975	copy_ari	1	0.5132
261c8b2-dev_tree_1s_hard_r0-0627	dev_tree_1s_hard_r0	d2938975	state_ari	1	0.0105
261c8b2-dev_tree_1s_hard_r0-0627	dev_tree_1s_hard_r0	d2938975	exact_altered	1	0.0845
261c8b2-dev_tree_1s_hard_r0-0627	dev_tree_1s_hard_r0	d2938975	exact_altered_pf	1	0.2817
261c8b2-dev_tree_1s_hard_r0-0627	dev_tree_1s_hard_r0	d2938975	exact_loh	1	0.2667
261c8b2-dev_tree_1s_hard_r0-0627	dev_tree_1s_hard_r0	d2938975	exact_loh_pf	1	0.5000
261c8b2-dev_tree_1s_hard_r0-0627	dev_tree_1s_hard_r0	d2938975	exact_bgain	1	0.0000
261c8b2-dev_tree_1s_hard_r0-0627	dev_tree_1s_hard_r0	d2938975	exact_bgain_pf	1	0.0000
261c8b2-dev_tree_1s_hard_r0-0627	dev_tree_1s_hard_r0	d2938975	exact_ugain	1	0.0769
261c8b2-dev_tree_1s_hard_r0-0627	dev_tree_1s_hard_r0	d2938975	exact_ugain_pf	1	0.4808
261c8b2-dev_tree_1s_hard_r0-0627	dev_tree_1s_hard_r0	d2938975	wall_s	1	204.6
261c8b2-dev_tree_1s_hard_r0-0627	dev_tree_1s_hard_r0	d2938975	peak_gb	1	3.62
6a9f3a8-easy-2347	easy	2d4ce9a9	clone_ari	1	0.9861
6a9f3a8-easy-2347	easy	2d4ce9a9	clone_ari_int	1	0.9861
6a9f3a8-easy-2347	easy	2d4ce9a9	copy_ari	1	0.9035
6a9f3a8-easy-2347	easy	2d4ce9a9	copy_ari_loh	1	0.4515
6a9f3a8-easy-2347	easy	2d4ce9a9	copy_ari_ugain	1	0.9782
6a9f3a8-easy-2347	easy	2d4ce9a9	copy_ari_pf	1	0.9031
6a9f3a8-easy-2347	easy	2d4ce9a9	copy_ari_loh_pf	1	0.2090
6a9f3a8-easy-2347	easy	2d4ce9a9	copy_ari_ugain_pf	1	0.9632
6a9f3a8-easy-2347	easy	2d4ce9a9	state_ari	1	0.0273
6a9f3a8-easy-2347	easy	2d4ce9a9	exact_altered	1	0.2667
6a9f3a8-easy-2347	easy	2d4ce9a9	exact_altered_pf	1	0.7231
6a9f3a8-easy-2347	easy	2d4ce9a9	exact_loh	1	0.5474
6a9f3a8-easy-2347	easy	2d4ce9a9	exact_loh_pf	1	0.7263
6a9f3a8-easy-2347	easy	2d4ce9a9	exact_bgain	1	0.0000
6a9f3a8-easy-2347	easy	2d4ce9a9	exact_bgain_pf	1	0.0000
6a9f3a8-easy-2347	easy	2d4ce9a9	exact_ugain	1	0.0000
6a9f3a8-easy-2347	easy	2d4ce9a9	exact_ugain_pf	1	0.9863
6a9f3a8-easy-2347	easy	2d4ce9a9	exact_neutral	1	0.9992
6a9f3a8-easy-2347	easy	2d4ce9a9	wall_s	1	60.4
6a9f3a8-easy-2347	easy	2d4ce9a9	peak_gb	1	3.20
6a9f3a8-hard-2349	hard	8797710b	clone_ari	1	0.9829
6a9f3a8-hard-2349	hard	8797710b	clone_ari_int	1	0.9829
6a9f3a8-hard-2349	hard	8797710b	copy_ari	1	0.9181
6a9f3a8-hard-2349	hard	8797710b	copy_ari_loh	1	0.2413
6a9f3a8-hard-2349	hard	8797710b	copy_ari_ugain	1	0.7341
6a9f3a8-hard-2349	hard	8797710b	copy_ari_pf	1	0.9181
6a9f3a8-hard-2349	hard	8797710b	copy_ari_loh_pf	1	0.2158
6a9f3a8-hard-2349	hard	8797710b	copy_ari_ugain_pf	1	0.7803
6a9f3a8-hard-2349	hard	8797710b	state_ari	1	0.0278
6a9f3a8-hard-2349	hard	8797710b	exact_altered	1	0.1654
6a9f3a8-hard-2349	hard	8797710b	exact_altered_pf	1	0.7244
6a9f3a8-hard-2349	hard	8797710b	exact_loh	1	0.2195
6a9f3a8-hard-2349	hard	8797710b	exact_loh_pf	1	0.6707
6a9f3a8-hard-2349	hard	8797710b	exact_bgain	1	0.0000
6a9f3a8-hard-2349	hard	8797710b	exact_bgain_pf	1	0.0000
6a9f3a8-hard-2349	hard	8797710b	exact_ugain	1	0.0750
6a9f3a8-hard-2349	hard	8797710b	exact_ugain_pf	1	0.9250
6a9f3a8-hard-2349	hard	8797710b	exact_neutral	1	0.9990
6a9f3a8-hard-2349	hard	8797710b	wall_s	1	64.1
6a9f3a8-hard-2349	hard	8797710b	peak_gb	1	3.19
6a9f3a8-dev_tree_1s_easy_ln_r0-2352	dev_tree_1s_easy_ln_r0	22a5eb85	clone_ari	1	0.9780
6a9f3a8-dev_tree_1s_easy_ln_r0-2352	dev_tree_1s_easy_ln_r0	22a5eb85	clone_ari_int	1	0.9780
6a9f3a8-dev_tree_1s_easy_ln_r0-2352	dev_tree_1s_easy_ln_r0	22a5eb85	copy_ari	1	0.9768
6a9f3a8-dev_tree_1s_easy_ln_r0-2352	dev_tree_1s_easy_ln_r0	22a5eb85	copy_ari_loh	1	-0.0069
6a9f3a8-dev_tree_1s_easy_ln_r0-2352	dev_tree_1s_easy_ln_r0	22a5eb85	copy_ari_pf	1	0.9784
6a9f3a8-dev_tree_1s_easy_ln_r0-2352	dev_tree_1s_easy_ln_r0	22a5eb85	state_ari	1	0.0285
6a9f3a8-dev_tree_1s_easy_ln_r0-2352	dev_tree_1s_easy_ln_r0	22a5eb85	exact_altered	1	0.5310
6a9f3a8-dev_tree_1s_easy_ln_r0-2352	dev_tree_1s_easy_ln_r0	22a5eb85	exact_altered_pf	1	0.9646
6a9f3a8-dev_tree_1s_easy_ln_r0-2352	dev_tree_1s_easy_ln_r0	22a5eb85	exact_loh	1	0.5867
6a9f3a8-dev_tree_1s_easy_ln_r0-2352	dev_tree_1s_easy_ln_r0	22a5eb85	exact_loh_pf	1	0.9733
6a9f3a8-dev_tree_1s_easy_ln_r0-2352	dev_tree_1s_easy_ln_r0	22a5eb85	exact_bgain	1	0.8889
6a9f3a8-dev_tree_1s_easy_ln_r0-2352	dev_tree_1s_easy_ln_r0	22a5eb85	exact_bgain_pf	1	0.8889
6a9f3a8-dev_tree_1s_easy_ln_r0-2352	dev_tree_1s_easy_ln_r0	22a5eb85	exact_ugain	1	0.0000
6a9f3a8-dev_tree_1s_easy_ln_r0-2352	dev_tree_1s_easy_ln_r0	22a5eb85	exact_ugain_pf	1	1.0000
6a9f3a8-dev_tree_1s_easy_ln_r0-2352	dev_tree_1s_easy_ln_r0	22a5eb85	exact_neutral	1	0.9999
6a9f3a8-dev_tree_1s_easy_ln_r0-2352	dev_tree_1s_easy_ln_r0	22a5eb85	wall_s	1	105.3
6a9f3a8-dev_tree_1s_easy_ln_r0-2352	dev_tree_1s_easy_ln_r0	22a5eb85	peak_gb	1	3.62
dbfff01-easy-2356	easy	2d4ce9a9	clone_ari	1	0.9861
dbfff01-easy-2356	easy	2d4ce9a9	clone_ari_int	1	0.9861
dbfff01-easy-2356	easy	2d4ce9a9	copy_ari	1	0.9035
dbfff01-easy-2356	easy	2d4ce9a9	copy_ari_loh	1	0.4515
dbfff01-easy-2356	easy	2d4ce9a9	copy_ari_ugain	1	0.9782
dbfff01-easy-2356	easy	2d4ce9a9	copy_ari_pf	1	0.9031
dbfff01-easy-2356	easy	2d4ce9a9	copy_ari_loh_pf	1	0.2090
dbfff01-easy-2356	easy	2d4ce9a9	copy_ari_ugain_pf	1	0.9632
dbfff01-easy-2356	easy	2d4ce9a9	state_ari	1	0.0273
dbfff01-easy-2356	easy	2d4ce9a9	exact_altered	1	0.2667
dbfff01-easy-2356	easy	2d4ce9a9	exact_altered_pf	1	0.7231
dbfff01-easy-2356	easy	2d4ce9a9	exact_loh	1	0.5474
dbfff01-easy-2356	easy	2d4ce9a9	exact_loh_pf	1	0.7263
dbfff01-easy-2356	easy	2d4ce9a9	exact_bgain	1	0.0000
dbfff01-easy-2356	easy	2d4ce9a9	exact_bgain_pf	1	0.0000
dbfff01-easy-2356	easy	2d4ce9a9	exact_ugain	1	0.0000
dbfff01-easy-2356	easy	2d4ce9a9	exact_ugain_pf	1	0.9863
dbfff01-easy-2356	easy	2d4ce9a9	exact_neutral	1	0.9992
dbfff01-easy-2356	easy	2d4ce9a9	wall_s	1	57.2
dbfff01-easy-2356	easy	2d4ce9a9	peak_gb	1	3.19
dbfff01-hard-2358	hard	8797710b	clone_ari	1	0.9829
dbfff01-hard-2358	hard	8797710b	clone_ari_int	1	0.9829
dbfff01-hard-2358	hard	8797710b	copy_ari	1	0.9181
dbfff01-hard-2358	hard	8797710b	copy_ari_loh	1	0.2413
dbfff01-hard-2358	hard	8797710b	copy_ari_ugain	1	0.7341
dbfff01-hard-2358	hard	8797710b	copy_ari_pf	1	0.9181
dbfff01-hard-2358	hard	8797710b	copy_ari_loh_pf	1	0.2158
dbfff01-hard-2358	hard	8797710b	copy_ari_ugain_pf	1	0.7803
dbfff01-hard-2358	hard	8797710b	state_ari	1	0.0278
dbfff01-hard-2358	hard	8797710b	exact_altered	1	0.1654
dbfff01-hard-2358	hard	8797710b	exact_altered_pf	1	0.7244
dbfff01-hard-2358	hard	8797710b	exact_loh	1	0.2195
dbfff01-hard-2358	hard	8797710b	exact_loh_pf	1	0.6707
dbfff01-hard-2358	hard	8797710b	exact_bgain	1	0.0000
dbfff01-hard-2358	hard	8797710b	exact_bgain_pf	1	0.0000
dbfff01-hard-2358	hard	8797710b	exact_ugain	1	0.0750
dbfff01-hard-2358	hard	8797710b	exact_ugain_pf	1	0.9250
dbfff01-hard-2358	hard	8797710b	exact_neutral	1	0.9990
dbfff01-hard-2358	hard	8797710b	wall_s	1	62.0
dbfff01-hard-2358	hard	8797710b	peak_gb	1	3.19
dbfff01-dev_tree_1s_easy_ln_r0-0000	dev_tree_1s_easy_ln_r0	22a5eb85	clone_ari	1	0.9780
dbfff01-dev_tree_1s_easy_ln_r0-0000	dev_tree_1s_easy_ln_r0	22a5eb85	clone_ari_int	1	0.9780
dbfff01-dev_tree_1s_easy_ln_r0-0000	dev_tree_1s_easy_ln_r0	22a5eb85	copy_ari	1	0.9768
dbfff01-dev_tree_1s_easy_ln_r0-0000	dev_tree_1s_easy_ln_r0	22a5eb85	copy_ari_loh	1	-0.0069
dbfff01-dev_tree_1s_easy_ln_r0-0000	dev_tree_1s_easy_ln_r0	22a5eb85	copy_ari_pf	1	0.9784
dbfff01-dev_tree_1s_easy_ln_r0-0000	dev_tree_1s_easy_ln_r0	22a5eb85	state_ari	1	0.0285
dbfff01-dev_tree_1s_easy_ln_r0-0000	dev_tree_1s_easy_ln_r0	22a5eb85	exact_altered	1	0.5310
dbfff01-dev_tree_1s_easy_ln_r0-0000	dev_tree_1s_easy_ln_r0	22a5eb85	exact_altered_pf	1	0.9646
dbfff01-dev_tree_1s_easy_ln_r0-0000	dev_tree_1s_easy_ln_r0	22a5eb85	exact_loh	1	0.5867
dbfff01-dev_tree_1s_easy_ln_r0-0000	dev_tree_1s_easy_ln_r0	22a5eb85	exact_loh_pf	1	0.9733
dbfff01-dev_tree_1s_easy_ln_r0-0000	dev_tree_1s_easy_ln_r0	22a5eb85	exact_bgain	1	0.8889
dbfff01-dev_tree_1s_easy_ln_r0-0000	dev_tree_1s_easy_ln_r0	22a5eb85	exact_bgain_pf	1	0.8889
dbfff01-dev_tree_1s_easy_ln_r0-0000	dev_tree_1s_easy_ln_r0	22a5eb85	exact_ugain	1	0.0000
dbfff01-dev_tree_1s_easy_ln_r0-0000	dev_tree_1s_easy_ln_r0	22a5eb85	exact_ugain_pf	1	1.0000
dbfff01-dev_tree_1s_easy_ln_r0-0000	dev_tree_1s_easy_ln_r0	22a5eb85	exact_neutral	1	0.9999
dbfff01-dev_tree_1s_easy_ln_r0-0000	dev_tree_1s_easy_ln_r0	22a5eb85	wall_s	1	102.2
dbfff01-dev_tree_1s_easy_ln_r0-0000	dev_tree_1s_easy_ln_r0	22a5eb85	peak_gb	1	3.62
