run_id	timestamp	commit	arm	test	note
c84aa06-dev-1700	2026-09-26T17:00Z	c84aa06	--states 8 --outer 1 --iterations 3 --	tests/recovery_audit.py::main	Baseline: run_cnaster_port defaults on dev, before any opt-in flag [converted: timestamp is b85346b's commit time, within 3 minutes after the run]
c84aa06-dev-1700-2	2026-09-26T17:00Z	c84aa06	--states 8 --outer 1 --iterations 3 -- --sal	tests/recovery_audit.py::main	--sal: snakes_and_ladders routines lift clone ARI 0.79->0.98, wall -42% [converted: timestamp is b85346b's commit time, within 3 minutes after the run]
7073269-r0-2251	2026-09-28T22:51Z	7073269	-- --sal	tests/sim_audit.py::main	Baseline --sal on main e5ee447, r0 at 42x42 (#470)
7073269-easy-2255	2026-09-28T22:55Z	7073269	-- --sal	tests/sim_audit.py::main	Baseline --sal on main e5ee447, CalicoST easy
7073269-hard-2300	2026-09-28T23:00Z	7073269	-- --sal	tests/sim_audit.py::main	Baseline --sal on main e5ee447, CalicoST hard: 2 clones for 4
7073269-hard-2304	2026-09-28T23:04Z	7073269	-- --sal --refinement-mask --floor-merge	tests/sim_audit.py::main	--refinement-mask --floor-merge restore hard's 4 clones (#468)
ac00498-easy-0046	2026-10-01T00:46Z	ac00498	-- --sal --no-plots	tests/sim_audit.py::main	HISTORY #545 truth_combined: a realization's tree, profiles, tracks and…
4899b5f-easy-0047	2026-10-01T00:47Z	4899b5f	-- --sal --no-plots	tests/sim_audit.py::main	HISTORY #542 Integer-clone merge at 0.99 by default, clone_labels.tsv c…
aec3403-easy-0049	2026-10-01T00:49Z	aec3403	-- --sal --no-plots	tests/sim_audit.py::main	HISTORY #537 Re-land #530, #531, #533, #535 on main: #517 steps 5–8
558a172-easy-0051	2026-10-01T00:51Z	558a172	-- --sal --no-plots	tests/sim_audit.py::main	HISTORY #529 #517 step 4: records are NamedTuples; copy_likelihood take…
c954cf2-easy-0053	2026-10-01T00:53Z	c954cf2	-- --sal --no-plots	tests/sim_audit.py::main	HISTORY #528 #517 step 3: one implementation per concept
dea5754-easy-0054	2026-10-01T00:54Z	dea5754	-- --sal --no-plots	tests/sim_audit.py::main	HISTORY #527 #517 steps 1–2: exact signatures and bound options; hmm_no…
f613bdc-easy-0056	2026-10-01T00:56Z	f613bdc	-- --sal --no-plots	tests/sim_audit.py::main	HISTORY #536 Re-land #523 on main: #517 step 1, cnaster signatures and …
4cbd805-easy-0058	2026-10-01T00:58Z	4cbd805	-- --sal --no-plots	tests/sim_audit.py::main	HISTORY #519 #517 step 0: guards E1–E5 before the CLEAN refactor
5244002-easy-0100	2026-10-01T01:00Z	5244002	-- --sal --no-plots	tests/sim_audit.py::main	HISTORY #524 Re-land #469 on main: #466 steps 1–3
a49efb2-easy-0101	2026-10-01T01:01Z	a49efb2	-- --sal --no-plots	tests/sim_audit.py::main	HISTORY #480 normalidx_file: the named normal spots reach the loader an…
6f06591-easy-0103	2026-10-01T01:03Z	6f06591	-- --sal --no-plots	tests/sim_audit.py::main	HISTORY #478 load_input_data: read a range file with bare-integer chrom…
ac00498-hard-0105	2026-10-01T01:05Z	ac00498	-- --sal --no-plots	tests/sim_audit.py::main	HISTORY #545 truth_combined: a realization's tree, profiles, tracks and…
4899b5f-hard-0106	2026-10-01T01:06Z	4899b5f	-- --sal --no-plots	tests/sim_audit.py::main	HISTORY #542 Integer-clone merge at 0.99 by default, clone_labels.tsv c…
aec3403-hard-0108	2026-10-01T01:08Z	aec3403	-- --sal --no-plots	tests/sim_audit.py::main	HISTORY #537 Re-land #530, #531, #533, #535 on main: #517 steps 5–8
558a172-hard-0110	2026-10-01T01:10Z	558a172	-- --sal --no-plots	tests/sim_audit.py::main	HISTORY #529 #517 step 4: records are NamedTuples; copy_likelihood take…
4691d71-easy-0111	2026-10-01T01:11Z	4691d71	-- --sal --no-plots	tests/sim_audit.py::main	HISTORY #477 load_input_data: a dense .h5ad no longer raises on the def…
c954cf2-hard-0113	2026-10-01T01:13Z	c954cf2	-- --sal --no-plots	tests/sim_audit.py::main	HISTORY #528 #517 step 3: one implementation per concept
453386d-easy-0115	2026-10-01T01:15Z	453386d	-- --sal --no-plots	tests/sim_audit.py::main	HISTORY #473 initialize_rectangular_clones: equal-count bands after 10 …
dea5754-hard-0116	2026-10-01T01:16Z	dea5754	-- --sal --no-plots	tests/sim_audit.py::main	HISTORY #527 #517 steps 1–2: exact signatures and bound options; hmm_no…
f5e3ba7-easy-0118	2026-10-01T01:18Z	f5e3ba7	-- --sal --no-plots	tests/sim_audit.py::main	HISTORY #485 Phase-switch law that composes over any binning, opt-in (#…
f613bdc-hard-0120	2026-10-01T01:20Z	f613bdc	-- --sal --no-plots	tests/sim_audit.py::main	HISTORY #536 Re-land #523 on main: #517 step 1, cnaster signatures and …
27b7b5b-easy-0122	2026-10-01T01:22Z	27b7b5b	-- --sal --no-plots	tests/sim_audit.py::main	HISTORY #484 M step: pass BFGS only its own options, no more ftol warni…
4cbd805-hard-0123	2026-10-01T01:23Z	4cbd805	-- --sal --no-plots	tests/sim_audit.py::main	HISTORY #519 #517 step 0: guards E1–E5 before the CLEAN refactor
a3c2782-easy-0125	2026-10-01T01:25Z	a3c2782	-- --sal --no-plots	tests/sim_audit.py::main	HISTORY #486 Clone assignment reads hmrf.min_spots_per_clone on every a…
5244002-hard-0127	2026-10-01T01:27Z	5244002	-- --sal --no-plots	tests/sim_audit.py::main	HISTORY #524 Re-land #469 on main: #466 steps 1–3
3221e7a-easy-0128	2026-10-01T01:28Z	3221e7a	-- --sal --no-plots	tests/sim_audit.py::main	HISTORY #516 #513: clone assignment reads counts unpooled; refuse a poo…
a49efb2-hard-0130	2026-10-01T01:30Z	a49efb2	-- --sal --no-plots	tests/sim_audit.py::main	HISTORY #480 normalidx_file: the named normal spots reach the loader an…
b221738-easy-0132	2026-10-01T01:32Z	b221738	-- --sal --no-plots	tests/sim_audit.py::main	HISTORY #515 #512: lattice copy decode, compiled Viterbi and broadcast …
6f06591-hard-0133	2026-10-01T01:33Z	6f06591	-- --sal --no-plots	tests/sim_audit.py::main	HISTORY #478 load_input_data: read a range file with bare-integer chrom…
261c8b2-easy-0136	2026-10-01T01:36Z	261c8b2	-- --sal --no-plots	tests/sim_audit.py::main	HISTORY #522 Re-land #521 on main: 0.99 integer-clone agreement (#518)
4691d71-hard-0138	2026-10-01T01:38Z	4691d71	-- --sal --no-plots	tests/sim_audit.py::main	HISTORY #477 load_input_data: a dense .h5ad no longer raises on the def…
dd7e397-easy-0140	2026-10-01T01:40Z	dd7e397	-- --sal --no-plots	tests/sim_audit.py::main	HISTORY #520 Land #487–#507 on main: they merged into their stacked bas…
453386d-hard-0142	2026-10-01T01:42Z	453386d	-- --sal --no-plots	tests/sim_audit.py::main	HISTORY #473 initialize_rectangular_clones: equal-count bands after 10 …
c812e6a-easy-0143	2026-10-01T01:43Z	c812e6a	-- --sal --no-plots	tests/sim_audit.py::main	HISTORY #496 Loader: bitwise cnaster again on outlier genes and nested …
f5e3ba7-hard-0145	2026-10-01T01:45Z	f5e3ba7	-- --sal --no-plots	tests/sim_audit.py::main	HISTORY #485 Phase-switch law that composes over any binning, opt-in (#…
df1550e-easy-0147	2026-10-01T01:47Z	df1550e	-- --sal --no-plots	tests/sim_audit.py::main	HISTORY #476 --sal implies --refinement-mask --floor-merge, with the ma…
27b7b5b-hard-0148	2026-10-01T01:48Z	27b7b5b	-- --sal --no-plots	tests/sim_audit.py::main	HISTORY #484 M step: pass BFGS only its own options, no more ftol warni…
e5ee447-easy-0152	2026-10-01T01:52Z	e5ee447	-- --sal --no-plots	tests/sim_audit.py::main	HISTORY #465 API conventions: forbidden_as_finite's beta is a known F2 …
a3c2782-hard-0153	2026-10-01T01:53Z	a3c2782	-- --sal --no-plots	tests/sim_audit.py::main	HISTORY #486 Clone assignment reads hmrf.min_spots_per_clone on every a…
3221e7a-hard-0156	2026-10-01T01:56Z	3221e7a	-- --sal --no-plots	tests/sim_audit.py::main	HISTORY #516 #513: clone assignment reads counts unpooled; refuse a poo…
b221738-hard-0157	2026-10-01T01:57Z	b221738	-- --sal --no-plots	tests/sim_audit.py::main	HISTORY #515 #512: lattice copy decode, compiled Viterbi and broadcast …
261c8b2-hard-0200	2026-10-01T02:00Z	261c8b2	-- --sal --no-plots	tests/sim_audit.py::main	HISTORY #522 Re-land #521 on main: 0.99 integer-clone agreement (#518)
dd7e397-hard-0202	2026-10-01T02:02Z	dd7e397	-- --sal --no-plots	tests/sim_audit.py::main	HISTORY #520 Land #487–#507 on main: they merged into their stacked bas…
c812e6a-hard-0205	2026-10-01T02:05Z	c812e6a	-- --sal --no-plots	tests/sim_audit.py::main	HISTORY #496 Loader: bitwise cnaster again on outlier genes and nested …
df1550e-hard-0206	2026-10-01T02:06Z	df1550e	-- --sal --no-plots	tests/sim_audit.py::main	HISTORY #476 --sal implies --refinement-mask --floor-merge, with the ma…
e5ee447-hard-0212	2026-10-01T02:12Z	e5ee447	-- --sal --no-plots	tests/sim_audit.py::main	HISTORY #465 API conventions: forbidden_as_finite's beta is a known F2 …
838c7e5-easy-0220	2026-10-01T02:20Z	838c7e5	-- --sal --no-plots --split-state	tests/sim_audit.py::main	OFFMAIN #481 split at 838c7e5: --sal --no-plots --split-state
838c7e5-hard-0237	2026-10-01T02:37Z	838c7e5	-- --sal --no-plots --split-state	tests/sim_audit.py::main	OFFMAIN #481 split at 838c7e5: --sal --no-plots --split-state
221524f-easy-0254	2026-10-01T02:54Z	221524f	-- --sal --no-plots	tests/sim_audit.py::main	OFFMAIN #553 pr553 at 221524f: --sal --no-plots
221524f-hard-0313	2026-10-01T03:13Z	221524f	-- --sal --no-plots	tests/sim_audit.py::main	OFFMAIN #553 pr553 at 221524f: --sal --no-plots
221524f-easy-0316	2026-10-01T03:16Z	221524f	-- --sal --no-plots --hmm-start lattice	tests/sim_audit.py::main	OFFMAIN #553 pr553_lattice at 221524f: --sal --no-plots --hmm-start latt
221524f-hard-0321	2026-10-01T03:21Z	221524f	-- --sal --no-plots --hmm-start lattice	tests/sim_audit.py::main	OFFMAIN #553 pr553_lattice at 221524f: --sal --no-plots --hmm-start latt
ac00498-dev_tree_1s_easy_r0-0331	2026-10-01T03:31Z	ac00498	-- --sal --no-plots	tests/sim_audit.py::main	HISTORY #545 truth_combined: a realization's tree, profiles, tracks and…
ac00498-dev_tree_1s_hard_r0-0339	2026-10-01T03:39Z	ac00498	-- --sal --no-plots	tests/sim_audit.py::main	HISTORY #545 truth_combined: a realization's tree, profiles, tracks and…
ac00498-dev_tree_1s_r0-0345	2026-10-01T03:45Z	ac00498	-- --sal --no-plots	tests/sim_audit.py::main	HISTORY #545 truth_combined: a realization's tree, profiles, tracks and…
dd7e397-dev_tree_1s_easy_r0-0357	2026-10-01T03:57Z	dd7e397	-- --sal --no-plots	tests/sim_audit.py::main	HISTORY #520 Land #487–#507 on main: they merged into their stacked bas…
dd7e397-dev_tree_1s_hard_r0-0407	2026-10-01T04:07Z	dd7e397	-- --sal --no-plots	tests/sim_audit.py::main	HISTORY #520 Land #487–#507 on main: they merged into their stacked bas…
dd7e397-dev_tree_1s_r0-0429	2026-10-01T04:29Z	dd7e397	-- --sal --no-plots	tests/sim_audit.py::main	HISTORY #520 Land #487–#507 on main: they merged into their stacked bas…
c812e6a-dev_tree_1s_easy_r0-0455	2026-10-01T04:55Z	c812e6a	-- --sal --no-plots	tests/sim_audit.py::main	HISTORY #496 Loader: bitwise cnaster again on outlier genes and nested …
c812e6a-dev_tree_1s_hard_r0-0526	2026-10-01T05:26Z	c812e6a	-- --sal --no-plots	tests/sim_audit.py::main	HISTORY #496 Loader: bitwise cnaster again on outlier genes and nested …
c812e6a-dev_tree_1s_r0-0537	2026-10-01T05:37Z	c812e6a	-- --sal --no-plots	tests/sim_audit.py::main	HISTORY #496 Loader: bitwise cnaster again on outlier genes and nested …
4899b5f-dev_tree_1s_easy_r0-0548	2026-10-01T05:48Z	4899b5f	-- --sal --no-plots	tests/sim_audit.py::main	HISTORY #542 Integer-clone merge at 0.99 by default, clone_labels.tsv c…
4899b5f-dev_tree_1s_hard_r0-0555	2026-10-01T05:55Z	4899b5f	-- --sal --no-plots	tests/sim_audit.py::main	HISTORY #542 Integer-clone merge at 0.99 by default, clone_labels.tsv c…
aec3403-dev_tree_1s_easy_r0-0606	2026-10-01T06:06Z	aec3403	-- --sal --no-plots	tests/sim_audit.py::main	HISTORY #537 Re-land #530, #531, #533, #535 on main: #517 steps 5–8
aec3403-dev_tree_1s_hard_r0-0611	2026-10-01T06:11Z	aec3403	-- --sal --no-plots	tests/sim_audit.py::main	HISTORY #537 Re-land #530, #531, #533, #535 on main: #517 steps 5–8
261c8b2-dev_tree_1s_easy_r0-0621	2026-10-01T06:21Z	261c8b2	-- --sal --no-plots	tests/sim_audit.py::main	HISTORY #522 Re-land #521 on main: 0.99 integer-clone agreement (#518)
261c8b2-dev_tree_1s_hard_r0-0627	2026-10-01T06:27Z	261c8b2	-- --sal --no-plots	tests/sim_audit.py::main	HISTORY #522 Re-land #521 on main: 0.99 integer-clone agreement (#518)
e5ee447-dev_tree_1s_easy_r0-2132	2026-10-02T21:32Z	e5ee447	-- --sal --no-plots	tests/sim_audit.py::main	HISTORY #465 API conventions: forbidden_as_finite's beta is a known F2 …
e5ee447-dev_tree_1s_hard_r0-2136	2026-10-02T21:36Z	e5ee447	-- --sal --no-plots	tests/sim_audit.py::main	HISTORY #465 API conventions: forbidden_as_finite's beta is a known F2 …
e5ee447-dev_tree_1s_r0-2140	2026-10-02T21:40Z	e5ee447	-- --sal --no-plots	tests/sim_audit.py::main	HISTORY #465 API conventions: forbidden_as_finite's beta is a known F2 …
e5ee447-dev_tree_r0-2144	2026-10-02T21:44Z	e5ee447	-- --sal --no-plots	tests/sim_audit.py::main	HISTORY e5ee447 rerun of 7073269-r0-2251 on dev_tree r0 3381575a (#591)
df1550e-dev_tree_1s_easy_r0-2148	2026-10-02T21:48Z	df1550e	-- --sal --no-plots	tests/sim_audit.py::main	HISTORY #476 --sal implies --refinement-mask --floor-merge, with the ma…
df1550e-dev_tree_1s_hard_r0-2152	2026-10-02T21:52Z	df1550e	-- --sal --no-plots	tests/sim_audit.py::main	HISTORY #476 --sal implies --refinement-mask --floor-merge, with the ma…
df1550e-dev_tree_1s_r0-2155	2026-10-02T21:55Z	df1550e	-- --sal --no-plots	tests/sim_audit.py::main	HISTORY #476 --sal implies --refinement-mask --floor-merge, with the ma…
261c8b2-dev_tree_1s_r0-2158	2026-10-02T21:58Z	261c8b2	-- --sal --no-plots	tests/sim_audit.py::main	HISTORY #522 Re-land #521 on main: 0.99 integer-clone agreement (#518)
4899b5f-dev_tree_1s_r0-2201	2026-10-02T22:01Z	4899b5f	-- --sal --no-plots	tests/sim_audit.py::main	HISTORY #542 Integer-clone merge at 0.99 by default, clone_labels.tsv c…
